package_path,name,version,installed,declared_license,direct_group,lock_dev,lock_optional,review_flags
node_modules/@alloc/quick-lru,@alloc/quick-lru,5.2.0,True,MIT,transitive,True,False,
node_modules/@babel/code-frame,@babel/code-frame,7.29.0,True,MIT,transitive,True,False,
node_modules/@babel/compat-data,@babel/compat-data,7.29.3,True,MIT,transitive,True,False,
node_modules/@babel/core,@babel/core,7.29.0,True,MIT,transitive,True,False,
node_modules/@babel/generator,@babel/generator,7.29.1,True,MIT,transitive,True,False,
node_modules/@babel/helper-compilation-targets,@babel/helper-compilation-targets,7.28.6,True,MIT,transitive,True,False,
node_modules/@babel/helper-globals,@babel/helper-globals,7.28.0,True,MIT,transitive,True,False,
node_modules/@babel/helper-module-imports,@babel/helper-module-imports,7.28.6,True,MIT,transitive,True,False,
node_modules/@babel/helper-module-transforms,@babel/helper-module-transforms,7.28.6,True,MIT,transitive,True,False,
node_modules/@babel/helper-string-parser,@babel/helper-string-parser,7.27.1,True,MIT,transitive,True,False,
node_modules/@babel/helper-validator-identifier,@babel/helper-validator-identifier,7.28.5,True,MIT,transitive,True,False,
node_modules/@babel/helper-validator-option,@babel/helper-validator-option,7.27.1,True,MIT,transitive,True,False,
node_modules/@babel/helpers,@babel/helpers,7.29.2,True,MIT,transitive,True,False,
node_modules/@babel/parser,@babel/parser,7.29.3,True,MIT,transitive,True,False,
node_modules/@babel/runtime,@babel/runtime,7.29.7,True,MIT,transitive,False,False,
node_modules/@babel/template,@babel/template,7.28.6,True,MIT,transitive,True,False,
node_modules/@babel/traverse,@babel/traverse,7.29.0,True,MIT,transitive,True,False,
node_modules/@babel/types,@babel/types,7.29.0,True,MIT,transitive,True,False,
node_modules/@base-ui/react,@base-ui/react,1.7.0,True,MIT,direct-runtime,False,False,
node_modules/@base-ui/utils,@base-ui/utils,0.3.2,True,MIT,transitive,False,False,
node_modules/@cloudflare/kv-asset-handler,@cloudflare/kv-asset-handler,0.5.0,True,MIT OR Apache-2.0,transitive,True,False,no-separately-named-license-file
node_modules/@cloudflare/unenv-preset,@cloudflare/unenv-preset,2.16.1,True,MIT OR Apache-2.0,transitive,True,False,no-separately-named-license-file
node_modules/@cloudflare/vite-plugin,@cloudflare/vite-plugin,1.37.1,True,MIT,direct-development,True,False,no-separately-named-license-file
node_modules/@cloudflare/workerd-darwin-64,@cloudflare/workerd-darwin-64,1.20260515.1,False,Apache-2.0,transitive,True,True,not-installed-text-unverified
node_modules/@cloudflare/workerd-darwin-arm64,@cloudflare/workerd-darwin-arm64,1.20260515.1,False,Apache-2.0,transitive,True,True,not-installed-text-unverified
node_modules/@cloudflare/workerd-linux-64,@cloudflare/workerd-linux-64,1.20260515.1,True,Apache-2.0,transitive,True,True,no-separately-named-license-file
node_modules/@cloudflare/workerd-linux-arm64,@cloudflare/workerd-linux-arm64,1.20260515.1,False,Apache-2.0,transitive,True,True,not-installed-text-unverified
node_modules/@cloudflare/workerd-windows-64,@cloudflare/workerd-windows-64,1.20260515.1,False,Apache-2.0,transitive,True,True,not-installed-text-unverified
node_modules/@cloudflare/workers-types,@cloudflare/workers-types,4.20260515.1,True,MIT OR Apache-2.0,direct-development,False,False,no-separately-named-license-file
node_modules/@cspotcode/source-map-support,@cspotcode/source-map-support,0.8.1,True,MIT,transitive,True,False,
node_modules/@cspotcode/source-map-support/node_modules/@jridgewell/trace-mapping,@jridgewell/trace-mapping,0.3.9,True,MIT,transitive,True,False,
node_modules/@date-fns/tz,@date-fns/tz,1.5.0,True,MIT,transitive,False,False,
node_modules/@drizzle-team/brocli,@drizzle-team/brocli,0.10.2,True,Apache-2.0,transitive,True,False,no-separately-named-license-file
node_modules/@emnapi/core,@emnapi/core,1.10.0,True,MIT,transitive,True,True,
node_modules/@emnapi/runtime,@emnapi/runtime,1.10.0,True,MIT,transitive,True,True,
node_modules/@emnapi/wasi-threads,@emnapi/wasi-threads,1.2.1,True,MIT,transitive,True,True,
node_modules/@esbuild-kit/core-utils,@esbuild-kit/core-utils,3.3.2,True,MIT,transitive,True,False,
node_modules/@esbuild-kit/core-utils/node_modules/@esbuild/android-arm,@esbuild/android-arm,0.18.20,False,MIT,transitive,True,True,not-installed-text-unverified
node_modules/@esbuild-kit/core-utils/node_modules/@esbuild/android-arm64,@esbuild/android-arm64,0.18.20,False,MIT,transitive,True,True,not-installed-text-unverified
node_modules/@esbuild-kit/core-utils/node_modules/@esbuild/android-x64,@esbuild/android-x64,0.18.20,False,MIT,transitive,True,True,not-installed-text-unverified
node_modules/@esbuild-kit/core-utils/node_modules/@esbuild/darwin-arm64,@esbuild/darwin-arm64,0.18.20,False,MIT,transitive,True,True,not-installed-text-unverified
node_modules/@esbuild-kit/core-utils/node_modules/@esbuild/darwin-x64,@esbuild/darwin-x64,0.18.20,False,MIT,transitive,True,True,not-installed-text-unverified
node_modules/@esbuild-kit/core-utils/node_modules/@esbuild/freebsd-arm64,@esbuild/freebsd-arm64,0.18.20,False,MIT,transitive,True,True,not-installed-text-unverified
node_modules/@esbuild-kit/core-utils/node_modules/@esbuild/freebsd-x64,@esbuild/freebsd-x64,0.18.20,False,MIT,transitive,True,True,not-installed-text-unverified
node_modules/@esbuild-kit/core-utils/node_modules/@esbuild/linux-arm,@esbuild/linux-arm,0.18.20,False,MIT,transitive,True,True,not-installed-text-unverified
node_modules/@esbuild-kit/core-utils/node_modules/@esbuild/linux-arm64,@esbuild/linux-arm64,0.18.20,False,MIT,transitive,True,True,not-installed-text-unverified
node_modules/@esbuild-kit/core-utils/node_modules/@esbuild/linux-ia32,@esbuild/linux-ia32,0.18.20,False,MIT,transitive,True,True,not-installed-text-unverified
node_modules/@esbuild-kit/core-utils/node_modules/@esbuild/linux-loong64,@esbuild/linux-loong64,0.18.20,False,MIT,transitive,True,True,not-installed-text-unverified
node_modules/@esbuild-kit/core-utils/node_modules/@esbuild/linux-mips64el,@esbuild/linux-mips64el,0.18.20,False,MIT,transitive,True,True,not-installed-text-unverified
node_modules/@esbuild-kit/core-utils/node_modules/@esbuild/linux-ppc64,@esbuild/linux-ppc64,0.18.20,False,MIT,transitive,True,True,not-installed-text-unverified
node_modules/@esbuild-kit/core-utils/node_modules/@esbuild/linux-riscv64,@esbuild/linux-riscv64,0.18.20,False,MIT,transitive,True,True,not-installed-text-unverified
node_modules/@esbuild-kit/core-utils/node_modules/@esbuild/linux-s390x,@esbuild/linux-s390x,0.18.20,False,MIT,transitive,True,True,not-installed-text-unverified
node_modules/@esbuild-kit/core-utils/node_modules/@esbuild/linux-x64,@esbuild/linux-x64,0.18.20,True,MIT,transitive,True,True,no-separately-named-license-file
node_modules/@esbuild-kit/core-utils/node_modules/@esbuild/netbsd-x64,@esbuild/netbsd-x64,0.18.20,False,MIT,transitive,True,True,not-installed-text-unverified
node_modules/@esbuild-kit/core-utils/node_modules/@esbuild/openbsd-x64,@esbuild/openbsd-x64,0.18.20,False,MIT,transitive,True,True,not-installed-text-unverified
node_modules/@esbuild-kit/core-utils/node_modules/@esbuild/sunos-x64,@esbuild/sunos-x64,0.18.20,False,MIT,transitive,True,True,not-installed-text-unverified
node_modules/@esbuild-kit/core-utils/node_modules/@esbuild/win32-arm64,@esbuild/win32-arm64,0.18.20,False,MIT,transitive,True,True,not-installed-text-unverified
node_modules/@esbuild-kit/core-utils/node_modules/@esbuild/win32-ia32,@esbuild/win32-ia32,0.18.20,False,MIT,transitive,True,True,not-installed-text-unverified
node_modules/@esbuild-kit/core-utils/node_modules/@esbuild/win32-x64,@esbuild/win32-x64,0.18.20,False,MIT,transitive,True,True,not-installed-text-unverified
node_modules/@esbuild-kit/core-utils/node_modules/esbuild,esbuild,0.18.20,True,MIT,transitive,True,False,
node_modules/@esbuild-kit/esm-loader,@esbuild-kit/esm-loader,2.6.5,True,MIT,transitive,True,False,
node_modules/@esbuild/aix-ppc64,@esbuild/aix-ppc64,0.28.0,False,MIT,transitive,True,True,not-installed-text-unverified
node_modules/@esbuild/android-arm,@esbuild/android-arm,0.28.0,False,MIT,transitive,True,True,not-installed-text-unverified
node_modules/@esbuild/android-arm64,@esbuild/android-arm64,0.28.0,False,MIT,transitive,True,True,not-installed-text-unverified
node_modules/@esbuild/android-x64,@esbuild/android-x64,0.28.0,False,MIT,transitive,True,True,not-installed-text-unverified
node_modules/@esbuild/darwin-arm64,@esbuild/darwin-arm64,0.28.0,False,MIT,transitive,True,True,not-installed-text-unverified
node_modules/@esbuild/darwin-x64,@esbuild/darwin-x64,0.28.0,False,MIT,transitive,True,True,not-installed-text-unverified
node_modules/@esbuild/freebsd-arm64,@esbuild/freebsd-arm64,0.28.0,False,MIT,transitive,True,True,not-installed-text-unverified
node_modules/@esbuild/freebsd-x64,@esbuild/freebsd-x64,0.28.0,False,MIT,transitive,True,True,not-installed-text-unverified
node_modules/@esbuild/linux-arm,@esbuild/linux-arm,0.28.0,False,MIT,transitive,True,True,not-installed-text-unverified
node_modules/@esbuild/linux-arm64,@esbuild/linux-arm64,0.28.0,False,MIT,transitive,True,True,not-installed-text-unverified
node_modules/@esbuild/linux-ia32,@esbuild/linux-ia32,0.28.0,False,MIT,transitive,True,True,not-installed-text-unverified
node_modules/@esbuild/linux-loong64,@esbuild/linux-loong64,0.28.0,False,MIT,transitive,True,True,not-installed-text-unverified
node_modules/@esbuild/linux-mips64el,@esbuild/linux-mips64el,0.28.0,False,MIT,transitive,True,True,not-installed-text-unverified
node_modules/@esbuild/linux-ppc64,@esbuild/linux-ppc64,0.28.0,False,MIT,transitive,True,True,not-installed-text-unverified
node_modules/@esbuild/linux-riscv64,@esbuild/linux-riscv64,0.28.0,False,MIT,transitive,True,True,not-installed-text-unverified
node_modules/@esbuild/linux-s390x,@esbuild/linux-s390x,0.28.0,False,MIT,transitive,True,True,not-installed-text-unverified
node_modules/@esbuild/linux-x64,@esbuild/linux-x64,0.28.0,True,MIT,transitive,True,True,no-separately-named-license-file
node_modules/@esbuild/netbsd-arm64,@esbuild/netbsd-arm64,0.28.0,False,MIT,transitive,True,True,not-installed-text-unverified
node_modules/@esbuild/netbsd-x64,@esbuild/netbsd-x64,0.28.0,False,MIT,transitive,True,True,not-installed-text-unverified
node_modules/@esbuild/openbsd-arm64,@esbuild/openbsd-arm64,0.28.0,False,MIT,transitive,True,True,not-installed-text-unverified
node_modules/@esbuild/openbsd-x64,@esbuild/openbsd-x64,0.28.0,False,MIT,transitive,True,True,not-installed-text-unverified
node_modules/@esbuild/openharmony-arm64,@esbuild/openharmony-arm64,0.28.0,False,MIT,transitive,True,True,not-installed-text-unverified
node_modules/@esbuild/sunos-x64,@esbuild/sunos-x64,0.28.0,False,MIT,transitive,True,True,not-installed-text-unverified
node_modules/@esbuild/win32-arm64,@esbuild/win32-arm64,0.28.0,False,MIT,transitive,True,True,not-installed-text-unverified
node_modules/@esbuild/win32-ia32,@esbuild/win32-ia32,0.28.0,False,MIT,transitive,True,True,not-installed-text-unverified
node_modules/@esbuild/win32-x64,@esbuild/win32-x64,0.28.0,False,MIT,transitive,True,True,not-installed-text-unverified
node_modules/@eslint-community/eslint-utils,@eslint-community/eslint-utils,4.9.1,True,MIT,transitive,True,False,
node_modules/@eslint-community/eslint-utils/node_modules/eslint-visitor-keys,eslint-visitor-keys,3.4.3,True,Apache-2.0,transitive,True,False,
node_modules/@eslint-community/regexpp,@eslint-community/regexpp,4.12.2,True,MIT,transitive,True,False,
node_modules/@eslint/config-array,@eslint/config-array,0.21.2,True,Apache-2.0,transitive,True,False,
node_modules/@eslint/config-helpers,@eslint/config-helpers,0.4.2,True,Apache-2.0,transitive,True,False,
node_modules/@eslint/core,@eslint/core,0.17.0,True,Apache-2.0,transitive,True,False,
node_modules/@eslint/eslintrc,@eslint/eslintrc,3.3.5,True,MIT,transitive,True,False,
node_modules/@eslint/eslintrc/node_modules/ajv,ajv,6.15.0,True,MIT,transitive,True,False,
node_modules/@eslint/eslintrc/node_modules/json-schema-traverse,json-schema-traverse,0.4.1,True,MIT,transitive,True,False,
node_modules/@eslint/js,@eslint/js,9.39.4,True,MIT,transitive,True,False,
node_modules/@eslint/object-schema,@eslint/object-schema,2.1.7,True,Apache-2.0,transitive,True,False,
node_modules/@eslint/plugin-kit,@eslint/plugin-kit,0.4.1,True,Apache-2.0,transitive,True,False,
node_modules/@floating-ui/core,@floating-ui/core,1.8.0,True,MIT,transitive,False,False,
node_modules/@floating-ui/dom,@floating-ui/dom,1.8.0,True,MIT,transitive,False,False,
node_modules/@floating-ui/react-dom,@floating-ui/react-dom,2.1.9,True,MIT,transitive,False,False,
node_modules/@floating-ui/utils,@floating-ui/utils,0.2.12,True,MIT,transitive,False,False,
node_modules/@hookform/resolvers,@hookform/resolvers,5.7.1,True,MIT,direct-runtime,False,False,
node_modules/@humanfs/core,@humanfs/core,0.19.2,True,Apache-2.0,transitive,True,False,
node_modules/@humanfs/node,@humanfs/node,0.16.8,True,Apache-2.0,transitive,True,False,
node_modules/@humanfs/types,@humanfs/types,0.15.0,True,Apache-2.0,transitive,True,False,no-separately-named-license-file
node_modules/@humanwhocodes/module-importer,@humanwhocodes/module-importer,1.0.1,True,Apache-2.0,transitive,True,False,
node_modules/@humanwhocodes/retry,@humanwhocodes/retry,0.4.3,True,Apache-2.0,transitive,True,False,
node_modules/@img/colour,@img/colour,1.1.0,True,MIT,transitive,False,False,
node_modules/@img/sharp-darwin-arm64,@img/sharp-darwin-arm64,0.35.4,False,Apache-2.0,transitive,False,True,not-installed-text-unverified
node_modules/@img/sharp-darwin-x64,@img/sharp-darwin-x64,0.35.4,False,Apache-2.0,transitive,False,True,not-installed-text-unverified
node_modules/@img/sharp-freebsd-wasm32,@img/sharp-freebsd-wasm32,0.35.4,False,Apache-2.0,transitive,False,True,not-installed-text-unverified
node_modules/@img/sharp-freebsd-wasm32/node_modules/@emnapi/runtime,@emnapi/runtime,1.11.3,False,MIT,transitive,False,True,not-installed-text-unverified
node_modules/@img/sharp-freebsd-wasm32/node_modules/@img/sharp-wasm32,@img/sharp-wasm32,0.35.4,False,Apache-2.0 AND LGPL-3.0-or-later AND MIT,transitive,False,True,weak-copyleft-library-review; not-installed-text-unverified
node_modules/@img/sharp-libvips-darwin-arm64,@img/sharp-libvips-darwin-arm64,1.3.3,False,LGPL-3.0-or-later,transitive,False,True,weak-copyleft-library-review; not-installed-text-unverified
node_modules/@img/sharp-libvips-darwin-x64,@img/sharp-libvips-darwin-x64,1.3.3,False,LGPL-3.0-or-later,transitive,False,True,weak-copyleft-library-review; not-installed-text-unverified
node_modules/@img/sharp-libvips-linux-arm,@img/sharp-libvips-linux-arm,1.3.3,False,LGPL-3.0-or-later,transitive,False,True,weak-copyleft-library-review; not-installed-text-unverified
node_modules/@img/sharp-libvips-linux-arm64,@img/sharp-libvips-linux-arm64,1.3.3,False,LGPL-3.0-or-later,transitive,False,True,weak-copyleft-library-review; not-installed-text-unverified
node_modules/@img/sharp-libvips-linux-ppc64,@img/sharp-libvips-linux-ppc64,1.3.3,False,LGPL-3.0-or-later,transitive,False,True,weak-copyleft-library-review; not-installed-text-unverified
node_modules/@img/sharp-libvips-linux-riscv64,@img/sharp-libvips-linux-riscv64,1.3.3,False,LGPL-3.0-or-later,transitive,False,True,weak-copyleft-library-review; not-installed-text-unverified
node_modules/@img/sharp-libvips-linux-s390x,@img/sharp-libvips-linux-s390x,1.3.3,False,LGPL-3.0-or-later,transitive,False,True,weak-copyleft-library-review; not-installed-text-unverified
node_modules/@img/sharp-libvips-linux-x64,@img/sharp-libvips-linux-x64,1.3.3,True,LGPL-3.0-or-later,transitive,False,True,weak-copyleft-library-review; no-separately-named-license-file; native-bundled-components-separate-inventory
node_modules/@img/sharp-libvips-linuxmusl-arm64,@img/sharp-libvips-linuxmusl-arm64,1.3.3,False,LGPL-3.0-or-later,transitive,False,True,weak-copyleft-library-review; not-installed-text-unverified
node_modules/@img/sharp-libvips-linuxmusl-x64,@img/sharp-libvips-linuxmusl-x64,1.3.3,False,LGPL-3.0-or-later,transitive,False,True,weak-copyleft-library-review; not-installed-text-unverified
node_modules/@img/sharp-linux-arm,@img/sharp-linux-arm,0.35.4,False,Apache-2.0,transitive,False,True,not-installed-text-unverified
node_modules/@img/sharp-linux-arm64,@img/sharp-linux-arm64,0.35.4,False,Apache-2.0,transitive,False,True,not-installed-text-unverified
node_modules/@img/sharp-linux-ppc64,@img/sharp-linux-ppc64,0.35.4,False,Apache-2.0,transitive,False,True,not-installed-text-unverified
node_modules/@img/sharp-linux-riscv64,@img/sharp-linux-riscv64,0.35.4,False,Apache-2.0,transitive,False,True,not-installed-text-unverified
node_modules/@img/sharp-linux-s390x,@img/sharp-linux-s390x,0.35.4,False,Apache-2.0,transitive,False,True,not-installed-text-unverified
node_modules/@img/sharp-linux-x64,@img/sharp-linux-x64,0.35.4,True,Apache-2.0,transitive,False,True,
node_modules/@img/sharp-linuxmusl-arm64,@img/sharp-linuxmusl-arm64,0.35.4,False,Apache-2.0,transitive,False,True,not-installed-text-unverified
node_modules/@img/sharp-linuxmusl-x64,@img/sharp-linuxmusl-x64,0.35.4,False,Apache-2.0,transitive,False,True,not-installed-text-unverified
node_modules/@img/sharp-webcontainers-wasm32,@img/sharp-webcontainers-wasm32,0.35.4,False,Apache-2.0,transitive,False,True,not-installed-text-unverified
node_modules/@img/sharp-webcontainers-wasm32/node_modules/@emnapi/runtime,@emnapi/runtime,1.11.3,False,MIT,transitive,False,True,not-installed-text-unverified
node_modules/@img/sharp-webcontainers-wasm32/node_modules/@img/sharp-wasm32,@img/sharp-wasm32,0.35.4,False,Apache-2.0 AND LGPL-3.0-or-later AND MIT,transitive,False,True,weak-copyleft-library-review; not-installed-text-unverified
node_modules/@img/sharp-win32-arm64,@img/sharp-win32-arm64,0.35.4,False,Apache-2.0 AND LGPL-3.0-or-later,transitive,False,True,weak-copyleft-library-review; not-installed-text-unverified
node_modules/@img/sharp-win32-ia32,@img/sharp-win32-ia32,0.35.4,False,Apache-2.0 AND LGPL-3.0-or-later,transitive,False,True,weak-copyleft-library-review; not-installed-text-unverified
node_modules/@img/sharp-win32-x64,@img/sharp-win32-x64,0.35.4,False,Apache-2.0 AND LGPL-3.0-or-later,transitive,False,True,weak-copyleft-library-review; not-installed-text-unverified
node_modules/@jridgewell/gen-mapping,@jridgewell/gen-mapping,0.3.13,True,MIT,transitive,True,False,
node_modules/@jridgewell/remapping,@jridgewell/remapping,2.3.5,True,MIT,transitive,True,False,
node_modules/@jridgewell/resolve-uri,@jridgewell/resolve-uri,3.1.2,True,MIT,transitive,True,False,
node_modules/@jridgewell/source-map,@jridgewell/source-map,0.3.11,True,MIT,transitive,True,False,
node_modules/@jridgewell/sourcemap-codec,@jridgewell/sourcemap-codec,1.5.5,True,MIT,transitive,True,False,
node_modules/@jridgewell/trace-mapping,@jridgewell/trace-mapping,0.3.31,True,MIT,transitive,True,False,
node_modules/@napi-rs/wasm-runtime,@napi-rs/wasm-runtime,0.2.12,False,MIT,transitive,True,True,not-installed-text-unverified
node_modules/@next/env,@next/env,16.3.4,True,MIT,transitive,False,False,no-separately-named-license-file
node_modules/@next/eslint-plugin-next,@next/eslint-plugin-next,16.3.4,True,MIT,transitive,True,False,no-separately-named-license-file
node_modules/@next/swc-darwin-arm64,@next/swc-darwin-arm64,16.3.4,False,MIT,transitive,False,True,not-installed-text-unverified
node_modules/@next/swc-darwin-x64,@next/swc-darwin-x64,16.3.4,False,MIT,transitive,False,True,not-installed-text-unverified
node_modules/@next/swc-linux-arm64-gnu,@next/swc-linux-arm64-gnu,16.3.4,False,MIT,transitive,False,True,not-installed-text-unverified
node_modules/@next/swc-linux-arm64-musl,@next/swc-linux-arm64-musl,16.3.4,False,MIT,transitive,False,True,not-installed-text-unverified
node_modules/@next/swc-linux-x64-gnu,@next/swc-linux-x64-gnu,16.3.4,True,MIT,transitive,False,True,no-separately-named-license-file
node_modules/@next/swc-linux-x64-musl,@next/swc-linux-x64-musl,16.3.4,False,MIT,transitive,False,True,not-installed-text-unverified
node_modules/@next/swc-win32-arm64-msvc,@next/swc-win32-arm64-msvc,16.3.4,False,MIT,transitive,False,True,not-installed-text-unverified
node_modules/@next/swc-win32-x64-msvc,@next/swc-win32-x64-msvc,16.3.4,False,MIT,transitive,False,True,not-installed-text-unverified
node_modules/@nodelib/fs.scandir,@nodelib/fs.scandir,2.1.5,True,MIT,transitive,True,False,
node_modules/@nodelib/fs.stat,@nodelib/fs.stat,2.0.5,True,MIT,transitive,True,False,
node_modules/@nodelib/fs.walk,@nodelib/fs.walk,1.2.8,True,MIT,transitive,True,False,
node_modules/@nolyfill/is-core-module,@nolyfill/is-core-module,1.0.39,True,MIT,transitive,True,False,
node_modules/@oxc-project/types,@oxc-project/types,0.130.0,True,MIT,transitive,True,False,
node_modules/@poppinss/colors,@poppinss/colors,4.1.6,True,MIT,transitive,True,False,
node_modules/@poppinss/dumper,@poppinss/dumper,0.6.5,True,MIT,transitive,True,False,
node_modules/@poppinss/dumper/node_modules/supports-color,supports-color,10.2.2,True,MIT,transitive,True,False,
node_modules/@poppinss/exception,@poppinss/exception,1.2.3,True,MIT,transitive,True,False,
node_modules/@radix-ui/number,@radix-ui/number,1.1.3,True,MIT,transitive,False,False,
node_modules/@radix-ui/primitive,@radix-ui/primitive,1.1.7,True,MIT,transitive,False,False,
node_modules/@radix-ui/react-accessible-icon,@radix-ui/react-accessible-icon,1.1.15,True,MIT,transitive,False,False,
node_modules/@radix-ui/react-accordion,@radix-ui/react-accordion,1.2.20,True,MIT,transitive,False,False,
node_modules/@radix-ui/react-accordion/node_modules/@radix-ui/react-compose-refs,@radix-ui/react-compose-refs,1.1.5,True,MIT,transitive,False,False,
node_modules/@radix-ui/react-alert-dialog,@radix-ui/react-alert-dialog,1.1.23,True,MIT,transitive,False,False,
node_modules/@radix-ui/react-alert-dialog/node_modules/@radix-ui/react-compose-refs,@radix-ui/react-compose-refs,1.1.5,True,MIT,transitive,False,False,
node_modules/@radix-ui/react-arrow,@radix-ui/react-arrow,1.1.15,True,MIT,transitive,False,False,
node_modules/@radix-ui/react-aspect-ratio,@radix-ui/react-aspect-ratio,1.1.15,True,MIT,transitive,False,False,
node_modules/@radix-ui/react-avatar,@radix-ui/react-avatar,1.2.6,True,MIT,transitive,False,False,
node_modules/@radix-ui/react-checkbox,@radix-ui/react-checkbox,1.3.11,True,MIT,transitive,False,False,
node_modules/@radix-ui/react-checkbox/node_modules/@radix-ui/react-compose-refs,@radix-ui/react-compose-refs,1.1.5,True,MIT,transitive,False,False,
node_modules/@radix-ui/react-collapsible,@radix-ui/react-collapsible,1.1.20,True,MIT,transitive,False,False,
node_modules/@radix-ui/react-collapsible/node_modules/@radix-ui/react-compose-refs,@radix-ui/react-compose-refs,1.1.5,True,MIT,transitive,False,False,
node_modules/@radix-ui/react-collection,@radix-ui/react-collection,1.1.15,True,MIT,transitive,False,False,
node_modules/@radix-ui/react-collection/node_modules/@radix-ui/react-compose-refs,@radix-ui/react-compose-refs,1.1.5,True,MIT,transitive,False,False,
node_modules/@radix-ui/react-collection/node_modules/@radix-ui/react-slot,@radix-ui/react-slot,1.3.3,True,MIT,transitive,False,False,
node_modules/@radix-ui/react-compose-refs,@radix-ui/react-compose-refs,1.1.2,True,MIT,transitive,False,False,no-separately-named-license-file
node_modules/@radix-ui/react-context,@radix-ui/react-context,1.2.2,True,MIT,transitive,False,False,
node_modules/@radix-ui/react-context-menu,@radix-ui/react-context-menu,2.3.7,True,MIT,transitive,False,False,
node_modules/@radix-ui/react-dialog,@radix-ui/react-dialog,1.1.23,True,MIT,transitive,False,False,
node_modules/@radix-ui/react-dialog/node_modules/@radix-ui/react-compose-refs,@radix-ui/react-compose-refs,1.1.5,True,MIT,transitive,False,False,
node_modules/@radix-ui/react-dialog/node_modules/@radix-ui/react-slot,@radix-ui/react-slot,1.3.3,True,MIT,transitive,False,False,
node_modules/@radix-ui/react-direction,@radix-ui/react-direction,1.1.4,True,MIT,transitive,False,False,
node_modules/@radix-ui/react-dismissable-layer,@radix-ui/react-dismissable-layer,1.1.19,True,MIT,transitive,False,False,
node_modules/@radix-ui/react-dismissable-layer/node_modules/@radix-ui/react-compose-refs,@radix-ui/react-compose-refs,1.1.5,True,MIT,transitive,False,False,
node_modules/@radix-ui/react-dropdown-menu,@radix-ui/react-dropdown-menu,2.1.24,True,MIT,transitive,False,False,
node_modules/@radix-ui/react-dropdown-menu/node_modules/@radix-ui/react-compose-refs,@radix-ui/react-compose-refs,1.1.5,True,MIT,transitive,False,False,
node_modules/@radix-ui/react-focus-guards,@radix-ui/react-focus-guards,1.1.6,True,MIT,transitive,False,False,
node_modules/@radix-ui/react-focus-scope,@radix-ui/react-focus-scope,1.1.16,True,MIT,transitive,False,False,
node_modules/@radix-ui/react-focus-scope/node_modules/@radix-ui/react-compose-refs,@radix-ui/react-compose-refs,1.1.5,True,MIT,transitive,False,False,
node_modules/@radix-ui/react-form,@radix-ui/react-form,0.1.16,True,MIT,transitive,False,False,
node_modules/@radix-ui/react-form/node_modules/@radix-ui/react-compose-refs,@radix-ui/react-compose-refs,1.1.5,True,MIT,transitive,False,False,
node_modules/@radix-ui/react-hover-card,@radix-ui/react-hover-card,1.1.23,True,MIT,transitive,False,False,
node_modules/@radix-ui/react-hover-card/node_modules/@radix-ui/react-compose-refs,@radix-ui/react-compose-refs,1.1.5,True,MIT,transitive,False,False,
node_modules/@radix-ui/react-id,@radix-ui/react-id,1.1.4,True,MIT,transitive,False,False,
node_modules/@radix-ui/react-label,@radix-ui/react-label,2.1.15,True,MIT,transitive,False,False,
node_modules/@radix-ui/react-menu,@radix-ui/react-menu,2.1.24,True,MIT,transitive,False,False,
node_modules/@radix-ui/react-menu/node_modules/@radix-ui/react-compose-refs,@radix-ui/react-compose-refs,1.1.5,True,MIT,transitive,False,False,
node_modules/@radix-ui/react-menu/node_modules/@radix-ui/react-slot,@radix-ui/react-slot,1.3.3,True,MIT,transitive,False,False,
node_modules/@radix-ui/react-menubar,@radix-ui/react-menubar,1.1.24,True,MIT,transitive,False,False,
node_modules/@radix-ui/react-menubar/node_modules/@radix-ui/react-compose-refs,@radix-ui/react-compose-refs,1.1.5,True,MIT,transitive,False,False,
node_modules/@radix-ui/react-navigation-menu,@radix-ui/react-navigation-menu,1.2.22,True,MIT,transitive,False,False,
node_modules/@radix-ui/react-navigation-menu/node_modules/@radix-ui/react-compose-refs,@radix-ui/react-compose-refs,1.1.5,True,MIT,transitive,False,False,
node_modules/@radix-ui/react-one-time-password-field,@radix-ui/react-one-time-password-field,0.1.16,True,MIT,transitive,False,False,
node_modules/@radix-ui/react-one-time-password-field/node_modules/@radix-ui/react-compose-refs,@radix-ui/react-compose-refs,1.1.5,True,MIT,transitive,False,False,
node_modules/@radix-ui/react-password-toggle-field,@radix-ui/react-password-toggle-field,0.1.11,True,MIT,transitive,False,False,
node_modules/@radix-ui/react-password-toggle-field/node_modules/@radix-ui/react-compose-refs,@radix-ui/react-compose-refs,1.1.5,True,MIT,transitive,False,False,
node_modules/@radix-ui/react-popover,@radix-ui/react-popover,1.1.23,True,MIT,transitive,False,False,
node_modules/@radix-ui/react-popover/node_modules/@radix-ui/react-compose-refs,@radix-ui/react-compose-refs,1.1.5,True,MIT,transitive,False,False,
node_modules/@radix-ui/react-popover/node_modules/@radix-ui/react-slot,@radix-ui/react-slot,1.3.3,True,MIT,transitive,False,False,
node_modules/@radix-ui/react-popper,@radix-ui/react-popper,1.3.7,True,MIT,transitive,False,False,
node_modules/@radix-ui/react-popper/node_modules/@radix-ui/react-compose-refs,@radix-ui/react-compose-refs,1.1.5,True,MIT,transitive,False,False,
node_modules/@radix-ui/react-portal,@radix-ui/react-portal,1.1.17,True,MIT,transitive,False,False,
node_modules/@radix-ui/react-presence,@radix-ui/react-presence,1.1.10,True,MIT,transitive,False,False,
node_modules/@radix-ui/react-primitive,@radix-ui/react-primitive,2.1.10,True,MIT,transitive,False,False,
node_modules/@radix-ui/react-primitive/node_modules/@radix-ui/react-compose-refs,@radix-ui/react-compose-refs,1.1.5,True,MIT,transitive,False,False,
node_modules/@radix-ui/react-primitive/node_modules/@radix-ui/react-slot,@radix-ui/react-slot,1.3.3,True,MIT,transitive,False,False,
node_modules/@radix-ui/react-progress,@radix-ui/react-progress,1.1.16,True,MIT,transitive,False,False,
node_modules/@radix-ui/react-radio-group,@radix-ui/react-radio-group,1.4.7,True,MIT,transitive,False,False,
node_modules/@radix-ui/react-radio-group/node_modules/@radix-ui/react-compose-refs,@radix-ui/react-compose-refs,1.1.5,True,MIT,transitive,False,False,
node_modules/@radix-ui/react-roving-focus,@radix-ui/react-roving-focus,1.1.19,True,MIT,transitive,False,False,
node_modules/@radix-ui/react-roving-focus/node_modules/@radix-ui/react-compose-refs,@radix-ui/react-compose-refs,1.1.5,True,MIT,transitive,False,False,
node_modules/@radix-ui/react-scroll-area,@radix-ui/react-scroll-area,1.2.18,True,MIT,transitive,False,False,
node_modules/@radix-ui/react-scroll-area/node_modules/@radix-ui/react-compose-refs,@radix-ui/react-compose-refs,1.1.5,True,MIT,transitive,False,False,
node_modules/@radix-ui/react-select,@radix-ui/react-select,2.3.7,True,MIT,transitive,False,False,
node_modules/@radix-ui/react-select/node_modules/@radix-ui/react-compose-refs,@radix-ui/react-compose-refs,1.1.5,True,MIT,transitive,False,False,
node_modules/@radix-ui/react-select/node_modules/@radix-ui/react-slot,@radix-ui/react-slot,1.3.3,True,MIT,transitive,False,False,
node_modules/@radix-ui/react-separator,@radix-ui/react-separator,1.1.15,True,MIT,transitive,False,False,
node_modules/@radix-ui/react-slider,@radix-ui/react-slider,1.4.7,True,MIT,transitive,False,False,
node_modules/@radix-ui/react-slider/node_modules/@radix-ui/react-compose-refs,@radix-ui/react-compose-refs,1.1.5,True,MIT,transitive,False,False,
node_modules/@radix-ui/react-switch,@radix-ui/react-switch,1.3.7,True,MIT,transitive,False,False,
node_modules/@radix-ui/react-switch/node_modules/@radix-ui/react-compose-refs,@radix-ui/react-compose-refs,1.1.5,True,MIT,transitive,False,False,
node_modules/@radix-ui/react-tabs,@radix-ui/react-tabs,1.1.21,True,MIT,transitive,False,False,
node_modules/@radix-ui/react-toast,@radix-ui/react-toast,1.2.23,True,MIT,transitive,False,False,
node_modules/@radix-ui/react-toast/node_modules/@radix-ui/react-compose-refs,@radix-ui/react-compose-refs,1.1.5,True,MIT,transitive,False,False,
node_modules/@radix-ui/react-toggle,@radix-ui/react-toggle,1.1.18,True,MIT,transitive,False,False,
node_modules/@radix-ui/react-toggle-group,@radix-ui/react-toggle-group,1.1.19,True,MIT,transitive,False,False,
node_modules/@radix-ui/react-toolbar,@radix-ui/react-toolbar,1.1.19,True,MIT,transitive,False,False,
node_modules/@radix-ui/react-tooltip,@radix-ui/react-tooltip,1.2.16,True,MIT,transitive,False,False,
node_modules/@radix-ui/react-tooltip/node_modules/@radix-ui/react-compose-refs,@radix-ui/react-compose-refs,1.1.5,True,MIT,transitive,False,False,
node_modules/@radix-ui/react-tooltip/node_modules/@radix-ui/react-slot,@radix-ui/react-slot,1.3.3,True,MIT,transitive,False,False,
node_modules/@radix-ui/react-use-callback-ref,@radix-ui/react-use-callback-ref,1.1.4,True,MIT,transitive,False,False,
node_modules/@radix-ui/react-use-controllable-state,@radix-ui/react-use-controllable-state,1.2.6,True,MIT,transitive,False,False,
node_modules/@radix-ui/react-use-effect-event,@radix-ui/react-use-effect-event,0.0.5,True,MIT,transitive,False,False,
node_modules/@radix-ui/react-use-escape-keydown,@radix-ui/react-use-escape-keydown,1.1.5,True,MIT,transitive,False,False,
node_modules/@radix-ui/react-use-is-hydrated,@radix-ui/react-use-is-hydrated,0.1.3,True,MIT,transitive,False,False,
node_modules/@radix-ui/react-use-layout-effect,@radix-ui/react-use-layout-effect,1.1.4,True,MIT,transitive,False,False,
node_modules/@radix-ui/react-use-previous,@radix-ui/react-use-previous,1.1.4,True,MIT,transitive,False,False,
node_modules/@radix-ui/react-use-rect,@radix-ui/react-use-rect,1.1.4,True,MIT,transitive,False,False,
node_modules/@radix-ui/react-use-size,@radix-ui/react-use-size,1.1.4,True,MIT,transitive,False,False,
node_modules/@radix-ui/react-visually-hidden,@radix-ui/react-visually-hidden,1.2.11,True,MIT,transitive,False,False,
node_modules/@radix-ui/rect,@radix-ui/rect,1.1.3,True,MIT,transitive,False,False,
node_modules/@reduxjs/toolkit,@reduxjs/toolkit,2.12.0,True,MIT,transitive,False,False,
node_modules/@reduxjs/toolkit/node_modules/immer,immer,11.1.16,True,MIT,transitive,False,False,
node_modules/@resvg/resvg-wasm,@resvg/resvg-wasm,2.4.0,True,MPL-2.0,transitive,True,False,weak-copyleft-file-review; no-separately-named-license-file
node_modules/@rolldown/binding-android-arm64,@rolldown/binding-android-arm64,1.0.1,False,MIT,transitive,True,True,not-installed-text-unverified
node_modules/@rolldown/binding-darwin-arm64,@rolldown/binding-darwin-arm64,1.0.1,False,MIT,transitive,True,True,not-installed-text-unverified
node_modules/@rolldown/binding-darwin-x64,@rolldown/binding-darwin-x64,1.0.1,False,MIT,transitive,True,True,not-installed-text-unverified
node_modules/@rolldown/binding-freebsd-x64,@rolldown/binding-freebsd-x64,1.0.1,False,MIT,transitive,True,True,not-installed-text-unverified
node_modules/@rolldown/binding-linux-arm-gnueabihf,@rolldown/binding-linux-arm-gnueabihf,1.0.1,False,MIT,transitive,True,True,not-installed-text-unverified
node_modules/@rolldown/binding-linux-arm64-gnu,@rolldown/binding-linux-arm64-gnu,1.0.1,False,MIT,transitive,True,True,not-installed-text-unverified
node_modules/@rolldown/binding-linux-arm64-musl,@rolldown/binding-linux-arm64-musl,1.0.1,False,MIT,transitive,True,True,not-installed-text-unverified
node_modules/@rolldown/binding-linux-ppc64-gnu,@rolldown/binding-linux-ppc64-gnu,1.0.1,False,MIT,transitive,True,True,not-installed-text-unverified
node_modules/@rolldown/binding-linux-s390x-gnu,@rolldown/binding-linux-s390x-gnu,1.0.1,False,MIT,transitive,True,True,not-installed-text-unverified
node_modules/@rolldown/binding-linux-x64-gnu,@rolldown/binding-linux-x64-gnu,1.0.1,True,MIT,transitive,True,True,no-separately-named-license-file
node_modules/@rolldown/binding-linux-x64-musl,@rolldown/binding-linux-x64-musl,1.0.1,False,MIT,transitive,True,True,not-installed-text-unverified
node_modules/@rolldown/binding-openharmony-arm64,@rolldown/binding-openharmony-arm64,1.0.1,False,MIT,transitive,True,True,not-installed-text-unverified
node_modules/@rolldown/binding-wasm32-wasi,@rolldown/binding-wasm32-wasi,1.0.1,False,MIT,transitive,True,True,not-installed-text-unverified
node_modules/@rolldown/binding-wasm32-wasi/node_modules/@napi-rs/wasm-runtime,@napi-rs/wasm-runtime,1.1.4,False,MIT,transitive,True,True,not-installed-text-unverified
node_modules/@rolldown/binding-win32-arm64-msvc,@rolldown/binding-win32-arm64-msvc,1.0.1,False,MIT,transitive,True,True,not-installed-text-unverified
node_modules/@rolldown/binding-win32-x64-msvc,@rolldown/binding-win32-x64-msvc,1.0.1,False,MIT,transitive,True,True,not-installed-text-unverified
node_modules/@rolldown/pluginutils,@rolldown/pluginutils,1.0.1,True,MIT,transitive,True,False,
node_modules/@rtsao/scc,@rtsao/scc,1.1.0,True,MIT,transitive,True,False,
node_modules/@shadcn/react,@shadcn/react,0.3.0,True,MIT,direct-runtime,False,False,
node_modules/@shuding/opentype.js,@shuding/opentype.js,1.4.0-beta.0,True,MIT,transitive,True,False,
node_modules/@sindresorhus/is,@sindresorhus/is,7.2.0,True,MIT,transitive,True,False,
node_modules/@speed-highlight/core,@speed-highlight/core,1.2.15,True,CC0-1.0,transitive,True,False,
node_modules/@standard-schema/spec,@standard-schema/spec,1.1.0,True,MIT,transitive,False,False,
node_modules/@standard-schema/utils,@standard-schema/utils,0.3.0,True,MIT,transitive,False,False,
node_modules/@swc/helpers,@swc/helpers,0.5.23,True,Apache-2.0,transitive,False,False,
node_modules/@tailwindcss/node,@tailwindcss/node,4.2.1,True,MIT,transitive,True,False,
node_modules/@tailwindcss/oxide,@tailwindcss/oxide,4.2.1,True,MIT,transitive,True,False,
node_modules/@tailwindcss/oxide-android-arm64,@tailwindcss/oxide-android-arm64,4.2.1,False,MIT,transitive,True,True,not-installed-text-unverified
node_modules/@tailwindcss/oxide-darwin-arm64,@tailwindcss/oxide-darwin-arm64,4.2.1,False,MIT,transitive,True,True,not-installed-text-unverified
node_modules/@tailwindcss/oxide-darwin-x64,@tailwindcss/oxide-darwin-x64,4.2.1,False,MIT,transitive,True,True,not-installed-text-unverified
node_modules/@tailwindcss/oxide-freebsd-x64,@tailwindcss/oxide-freebsd-x64,4.2.1,False,MIT,transitive,True,True,not-installed-text-unverified
node_modules/@tailwindcss/oxide-linux-arm-gnueabihf,@tailwindcss/oxide-linux-arm-gnueabihf,4.2.1,False,MIT,transitive,True,True,not-installed-text-unverified
node_modules/@tailwindcss/oxide-linux-arm64-gnu,@tailwindcss/oxide-linux-arm64-gnu,4.2.1,False,MIT,transitive,True,True,not-installed-text-unverified
node_modules/@tailwindcss/oxide-linux-arm64-musl,@tailwindcss/oxide-linux-arm64-musl,4.2.1,False,MIT,transitive,True,True,not-installed-text-unverified
node_modules/@tailwindcss/oxide-linux-x64-gnu,@tailwindcss/oxide-linux-x64-gnu,4.2.1,True,MIT,transitive,True,True,
node_modules/@tailwindcss/oxide-linux-x64-musl,@tailwindcss/oxide-linux-x64-musl,4.2.1,False,MIT,transitive,True,True,not-installed-text-unverified
node_modules/@tailwindcss/oxide-wasm32-wasi,@tailwindcss/oxide-wasm32-wasi,4.2.1,False,MIT,transitive,True,True,not-installed-text-unverified
node_modules/@tailwindcss/oxide-wasm32-wasi/node_modules/@emnapi/core,@emnapi/core,1.8.1,False,MIT,transitive,True,True,not-installed-text-unverified
node_modules/@tailwindcss/oxide-wasm32-wasi/node_modules/@emnapi/runtime,@emnapi/runtime,1.8.1,False,MIT,transitive,True,True,not-installed-text-unverified
node_modules/@tailwindcss/oxide-wasm32-wasi/node_modules/@emnapi/wasi-threads,@emnapi/wasi-threads,1.1.0,False,MIT,transitive,True,True,not-installed-text-unverified
node_modules/@tailwindcss/oxide-wasm32-wasi/node_modules/@napi-rs/wasm-runtime,@napi-rs/wasm-runtime,1.1.1,False,MIT,transitive,True,True,not-installed-text-unverified
node_modules/@tailwindcss/oxide-wasm32-wasi/node_modules/@tybys/wasm-util,@tybys/wasm-util,0.10.1,False,MIT,transitive,True,True,not-installed-text-unverified
node_modules/@tailwindcss/oxide-wasm32-wasi/node_modules/tslib,tslib,2.8.1,False,0BSD,transitive,True,True,not-installed-text-unverified
node_modules/@tailwindcss/oxide-win32-arm64-msvc,@tailwindcss/oxide-win32-arm64-msvc,4.2.1,False,MIT,transitive,True,True,not-installed-text-unverified
node_modules/@tailwindcss/oxide-win32-x64-msvc,@tailwindcss/oxide-win32-x64-msvc,4.2.1,False,MIT,transitive,True,True,not-installed-text-unverified
node_modules/@tailwindcss/postcss,@tailwindcss/postcss,4.2.1,True,MIT,direct-development,True,False,
node_modules/@tybys/wasm-util,@tybys/wasm-util,0.10.2,True,MIT,transitive,True,True,no-separately-named-license-file
node_modules/@types/d3-array,@types/d3-array,3.2.2,True,MIT,transitive,False,False,
node_modules/@types/d3-color,@types/d3-color,3.1.3,True,MIT,transitive,False,False,
node_modules/@types/d3-ease,@types/d3-ease,3.0.2,True,MIT,transitive,False,False,
node_modules/@types/d3-interpolate,@types/d3-interpolate,3.0.4,True,MIT,transitive,False,False,
node_modules/@types/d3-path,@types/d3-path,3.1.1,True,MIT,transitive,False,False,
node_modules/@types/d3-scale,@types/d3-scale,4.0.9,True,MIT,transitive,False,False,
node_modules/@types/d3-shape,@types/d3-shape,3.1.8,True,MIT,transitive,False,False,
node_modules/@types/d3-time,@types/d3-time,3.0.4,True,MIT,transitive,False,False,
node_modules/@types/d3-timer,@types/d3-timer,3.0.2,True,MIT,transitive,False,False,
node_modules/@types/eslint,@types/eslint,9.6.1,True,MIT,transitive,True,False,
node_modules/@types/eslint-scope,@types/eslint-scope,3.7.7,True,MIT,transitive,True,False,
node_modules/@types/estree,@types/estree,1.0.9,True,MIT,transitive,True,False,
node_modules/@types/json-schema,@types/json-schema,7.0.15,True,MIT,transitive,True,False,
node_modules/@types/json5,@types/json5,0.0.29,True,MIT,transitive,True,False,no-separately-named-license-file
node_modules/@types/node,@types/node,22.19.19,True,MIT,direct-development,True,False,
node_modules/@types/react,@types/react,19.2.14,True,MIT,direct-development,False,False,
node_modules/@types/react-dom,@types/react-dom,19.2.3,True,MIT,direct-development,False,False,
node_modules/@types/use-sync-external-store,@types/use-sync-external-store,0.0.6,True,MIT,transitive,False,False,
node_modules/@typescript-eslint/eslint-plugin,@typescript-eslint/eslint-plugin,8.59.3,True,MIT,transitive,True,False,
node_modules/@typescript-eslint/eslint-plugin/node_modules/ignore,ignore,7.0.5,True,MIT,transitive,True,False,
node_modules/@typescript-eslint/parser,@typescript-eslint/parser,8.59.3,True,MIT,transitive,True,False,
node_modules/@typescript-eslint/project-service,@typescript-eslint/project-service,8.59.3,True,MIT,transitive,True,False,
node_modules/@typescript-eslint/scope-manager,@typescript-eslint/scope-manager,8.59.3,True,MIT,transitive,True,False,
node_modules/@typescript-eslint/tsconfig-utils,@typescript-eslint/tsconfig-utils,8.59.3,True,MIT,transitive,True,False,
node_modules/@typescript-eslint/type-utils,@typescript-eslint/type-utils,8.59.3,True,MIT,transitive,True,False,
node_modules/@typescript-eslint/types,@typescript-eslint/types,8.59.3,True,MIT,transitive,True,False,
node_modules/@typescript-eslint/typescript-estree,@typescript-eslint/typescript-estree,8.59.3,True,MIT,transitive,True,False,
node_modules/@typescript-eslint/typescript-estree/node_modules/balanced-match,balanced-match,4.0.4,True,MIT,transitive,True,False,
node_modules/@typescript-eslint/typescript-estree/node_modules/brace-expansion,brace-expansion,5.0.6,True,MIT,transitive,True,False,
node_modules/@typescript-eslint/typescript-estree/node_modules/minimatch,minimatch,10.2.5,True,BlueOak-1.0.0,transitive,True,False,less-common-standard-license
node_modules/@typescript-eslint/typescript-estree/node_modules/semver,semver,7.8.0,True,ISC,transitive,True,False,
node_modules/@typescript-eslint/utils,@typescript-eslint/utils,8.59.3,True,MIT,transitive,True,False,
node_modules/@typescript-eslint/visitor-keys,@typescript-eslint/visitor-keys,8.59.3,True,MIT,transitive,True,False,
node_modules/@typescript-eslint/visitor-keys/node_modules/eslint-visitor-keys,eslint-visitor-keys,5.0.1,True,Apache-2.0,transitive,True,False,
node_modules/@unpic/core,@unpic/core,1.0.3,True,MIT,transitive,True,False,no-separately-named-license-file
node_modules/@unpic/react,@unpic/react,1.0.2,True,MIT,transitive,True,False,
node_modules/@unrs/resolver-binding-android-arm-eabi,@unrs/resolver-binding-android-arm-eabi,1.11.1,False,MIT,transitive,True,True,not-installed-text-unverified
node_modules/@unrs/resolver-binding-android-arm64,@unrs/resolver-binding-android-arm64,1.11.1,False,MIT,transitive,True,True,not-installed-text-unverified
node_modules/@unrs/resolver-binding-darwin-arm64,@unrs/resolver-binding-darwin-arm64,1.11.1,False,MIT,transitive,True,True,not-installed-text-unverified
node_modules/@unrs/resolver-binding-darwin-x64,@unrs/resolver-binding-darwin-x64,1.11.1,False,MIT,transitive,True,True,not-installed-text-unverified
node_modules/@unrs/resolver-binding-freebsd-x64,@unrs/resolver-binding-freebsd-x64,1.11.1,False,MIT,transitive,True,True,not-installed-text-unverified
node_modules/@unrs/resolver-binding-linux-arm-gnueabihf,@unrs/resolver-binding-linux-arm-gnueabihf,1.11.1,False,MIT,transitive,True,True,not-installed-text-unverified
node_modules/@unrs/resolver-binding-linux-arm-musleabihf,@unrs/resolver-binding-linux-arm-musleabihf,1.11.1,False,MIT,transitive,True,True,not-installed-text-unverified
node_modules/@unrs/resolver-binding-linux-arm64-gnu,@unrs/resolver-binding-linux-arm64-gnu,1.11.1,False,MIT,transitive,True,True,not-installed-text-unverified
node_modules/@unrs/resolver-binding-linux-arm64-musl,@unrs/resolver-binding-linux-arm64-musl,1.11.1,False,MIT,transitive,True,True,not-installed-text-unverified
node_modules/@unrs/resolver-binding-linux-ppc64-gnu,@unrs/resolver-binding-linux-ppc64-gnu,1.11.1,False,MIT,transitive,True,True,not-installed-text-unverified
node_modules/@unrs/resolver-binding-linux-riscv64-gnu,@unrs/resolver-binding-linux-riscv64-gnu,1.11.1,False,MIT,transitive,True,True,not-installed-text-unverified
node_modules/@unrs/resolver-binding-linux-riscv64-musl,@unrs/resolver-binding-linux-riscv64-musl,1.11.1,False,MIT,transitive,True,True,not-installed-text-unverified
node_modules/@unrs/resolver-binding-linux-s390x-gnu,@unrs/resolver-binding-linux-s390x-gnu,1.11.1,False,MIT,transitive,True,True,not-installed-text-unverified
node_modules/@unrs/resolver-binding-linux-x64-gnu,@unrs/resolver-binding-linux-x64-gnu,1.11.1,True,MIT,transitive,True,True,no-separately-named-license-file
node_modules/@unrs/resolver-binding-linux-x64-musl,@unrs/resolver-binding-linux-x64-musl,1.11.1,False,MIT,transitive,True,True,not-installed-text-unverified
node_modules/@unrs/resolver-binding-wasm32-wasi,@unrs/resolver-binding-wasm32-wasi,1.11.1,False,MIT,transitive,True,True,not-installed-text-unverified
node_modules/@unrs/resolver-binding-win32-arm64-msvc,@unrs/resolver-binding-win32-arm64-msvc,1.11.1,False,MIT,transitive,True,True,not-installed-text-unverified
node_modules/@unrs/resolver-binding-win32-ia32-msvc,@unrs/resolver-binding-win32-ia32-msvc,1.11.1,False,MIT,transitive,True,True,not-installed-text-unverified
node_modules/@unrs/resolver-binding-win32-x64-msvc,@unrs/resolver-binding-win32-x64-msvc,1.11.1,False,MIT,transitive,True,True,not-installed-text-unverified
node_modules/@vercel/og,@vercel/og,0.8.6,True,MPL-2.0,transitive,True,False,weak-copyleft-file-review
node_modules/@vinext/types,@vinext/types,1.0.0-beta.2,True,MIT,transitive,True,False,
node_modules/@vitejs/plugin-react,@vitejs/plugin-react,6.0.2,True,MIT,direct-development,True,False,
node_modules/@vitejs/plugin-rsc,@vitejs/plugin-rsc,0.5.26,True,MIT,direct-development,True,False,
node_modules/@vitejs/plugin-rsc/node_modules/@rolldown/pluginutils,@rolldown/pluginutils,1.0.0-rc.18,True,MIT,transitive,True,False,
node_modules/@webassemblyjs/ast,@webassemblyjs/ast,1.14.1,True,MIT,transitive,True,False,
node_modules/@webassemblyjs/floating-point-hex-parser,@webassemblyjs/floating-point-hex-parser,1.13.2,True,MIT,transitive,True,False,
node_modules/@webassemblyjs/helper-api-error,@webassemblyjs/helper-api-error,1.13.2,True,MIT,transitive,True,False,
node_modules/@webassemblyjs/helper-buffer,@webassemblyjs/helper-buffer,1.14.1,True,MIT,transitive,True,False,
node_modules/@webassemblyjs/helper-numbers,@webassemblyjs/helper-numbers,1.13.2,True,MIT,transitive,True,False,
node_modules/@webassemblyjs/helper-wasm-bytecode,@webassemblyjs/helper-wasm-bytecode,1.13.2,True,MIT,transitive,True,False,
node_modules/@webassemblyjs/helper-wasm-section,@webassemblyjs/helper-wasm-section,1.14.1,True,MIT,transitive,True,False,
node_modules/@webassemblyjs/ieee754,@webassemblyjs/ieee754,1.13.2,True,MIT,transitive,True,False,
node_modules/@webassemblyjs/leb128,@webassemblyjs/leb128,1.13.2,True,Apache-2.0,transitive,True,False,
node_modules/@webassemblyjs/utf8,@webassemblyjs/utf8,1.13.2,True,MIT,transitive,True,False,
node_modules/@webassemblyjs/wasm-edit,@webassemblyjs/wasm-edit,1.14.1,True,MIT,transitive,True,False,
node_modules/@webassemblyjs/wasm-gen,@webassemblyjs/wasm-gen,1.14.1,True,MIT,transitive,True,False,
node_modules/@webassemblyjs/wasm-opt,@webassemblyjs/wasm-opt,1.14.1,True,MIT,transitive,True,False,
node_modules/@webassemblyjs/wasm-parser,@webassemblyjs/wasm-parser,1.14.1,True,MIT,transitive,True,False,
node_modules/@webassemblyjs/wast-printer,@webassemblyjs/wast-printer,1.14.1,True,MIT,transitive,True,False,
node_modules/@xtuc/ieee754,@xtuc/ieee754,1.2.0,True,BSD-3-Clause,transitive,True,False,
node_modules/@xtuc/long,@xtuc/long,4.2.2,True,Apache-2.0,transitive,True,False,
node_modules/acorn,acorn,8.16.0,True,MIT,transitive,True,False,
node_modules/acorn-import-phases,acorn-import-phases,1.0.4,True,MIT,transitive,True,False,
node_modules/acorn-jsx,acorn-jsx,5.3.2,True,MIT,transitive,True,False,
node_modules/acorn-loose,acorn-loose,8.5.2,True,MIT,transitive,True,False,
node_modules/ajv,ajv,8.20.0,True,MIT,transitive,False,False,
node_modules/ajv-formats,ajv-formats,2.1.1,True,MIT,transitive,False,False,
node_modules/ansi-styles,ansi-styles,4.3.0,True,MIT,transitive,True,False,
node_modules/argparse,argparse,2.0.1,True,Python-2.0,transitive,True,False,less-common-standard-license
node_modules/aria-hidden,aria-hidden,1.2.6,True,MIT,transitive,False,False,
node_modules/aria-query,aria-query,5.3.2,True,Apache-2.0,transitive,True,False,
node_modules/array-buffer-byte-length,array-buffer-byte-length,1.0.2,True,MIT,transitive,True,False,
node_modules/array-includes,array-includes,3.1.9,True,MIT,transitive,True,False,
node_modules/array.prototype.findlast,array.prototype.findlast,1.2.5,True,MIT,transitive,True,False,
node_modules/array.prototype.findlastindex,array.prototype.findlastindex,1.2.6,True,MIT,transitive,True,False,
node_modules/array.prototype.flat,array.prototype.flat,1.3.3,True,MIT,transitive,True,False,
node_modules/array.prototype.flatmap,array.prototype.flatmap,1.3.3,True,MIT,transitive,True,False,
node_modules/array.prototype.tosorted,array.prototype.tosorted,1.1.4,True,MIT,transitive,True,False,
node_modules/arraybuffer.prototype.slice,arraybuffer.prototype.slice,1.0.4,True,MIT,transitive,True,False,
node_modules/ast-types-flow,ast-types-flow,0.0.8,True,MIT,transitive,True,False,
node_modules/async-function,async-function,1.0.0,True,MIT,transitive,True,False,
node_modules/available-typed-arrays,available-typed-arrays,1.0.7,True,MIT,transitive,True,False,
node_modules/axe-core,axe-core,4.11.4,True,MPL-2.0,transitive,True,False,weak-copyleft-file-review
node_modules/axobject-query,axobject-query,4.1.0,True,Apache-2.0,transitive,True,False,
node_modules/balanced-match,balanced-match,1.0.2,True,MIT,transitive,True,False,
node_modules/base64-js,base64-js,0.0.8,True,MIT,transitive,True,False,
node_modules/baseline-browser-mapping,baseline-browser-mapping,2.10.30,True,Apache-2.0,transitive,False,False,
node_modules/blake3-wasm,blake3-wasm,2.1.5,True,MIT,transitive,True,False,
node_modules/brace-expansion,brace-expansion,1.1.14,True,MIT,transitive,True,False,
node_modules/braces,braces,3.0.3,True,MIT,transitive,True,False,
node_modules/browserslist,browserslist,4.28.2,True,MIT,transitive,True,False,
node_modules/buffer-from,buffer-from,1.1.2,True,MIT,transitive,True,False,
node_modules/bytes,bytes,3.1.2,True,MIT,transitive,True,False,
node_modules/call-bind,call-bind,1.0.9,True,MIT,transitive,True,False,
node_modules/call-bind-apply-helpers,call-bind-apply-helpers,1.0.2,True,MIT,transitive,True,False,
node_modules/call-bound,call-bound,1.0.4,True,MIT,transitive,True,False,
node_modules/callsites,callsites,3.1.0,True,MIT,transitive,True,False,
node_modules/camelize,camelize,1.0.1,True,MIT,transitive,True,False,
node_modules/caniuse-lite,caniuse-lite,1.0.30001793,True,CC-BY-4.0,transitive,False,False,attribution-data-license
node_modules/chalk,chalk,4.1.2,True,MIT,transitive,True,False,
node_modules/chrome-trace-event,chrome-trace-event,1.0.4,True,MIT,transitive,True,False,
node_modules/class-variance-authority,class-variance-authority,0.7.1,True,Apache-2.0,direct-runtime,False,False,
node_modules/client-only,client-only,0.0.1,True,MIT,transitive,False,False,no-separately-named-license-file
node_modules/clsx,clsx,2.1.1,True,MIT,direct-runtime,False,False,
node_modules/cmdk,cmdk,1.1.1,True,MIT,direct-runtime,False,False,
node_modules/color-convert,color-convert,2.0.1,True,MIT,transitive,True,False,
node_modules/color-name,color-name,1.1.4,True,MIT,transitive,True,False,
node_modules/commander,commander,2.20.3,True,MIT,transitive,True,False,
node_modules/concat-map,concat-map,0.0.1,True,MIT,transitive,True,False,
node_modules/convert-source-map,convert-source-map,2.0.0,True,MIT,transitive,True,False,
node_modules/cookie,cookie,1.1.1,True,MIT,transitive,True,False,
node_modules/cross-spawn,cross-spawn,7.0.6,True,MIT,transitive,True,False,
node_modules/css-background-parser,css-background-parser,0.1.0,True,MIT,transitive,True,False,
node_modules/css-box-shadow,css-box-shadow,1.0.0-3,True,MIT,transitive,True,False,no-separately-named-license-file
node_modules/css-color-keywords,css-color-keywords,1.0.0,True,ISC,transitive,True,False,
node_modules/css-gradient-parser,css-gradient-parser,0.0.16,True,MIT,transitive,True,False,
node_modules/css-to-react-native,css-to-react-native,3.2.0,True,MIT,transitive,True,False,
node_modules/csstype,csstype,3.2.3,True,MIT,transitive,False,False,
node_modules/d3-array,d3-array,3.2.4,True,ISC,transitive,False,False,
node_modules/d3-color,d3-color,3.1.0,True,ISC,transitive,False,False,
node_modules/d3-ease,d3-ease,3.0.1,True,BSD-3-Clause,transitive,False,False,
node_modules/d3-format,d3-format,3.1.2,True,ISC,transitive,False,False,
node_modules/d3-interpolate,d3-interpolate,3.0.1,True,ISC,transitive,False,False,
node_modules/d3-path,d3-path,3.1.0,True,ISC,transitive,False,False,
node_modules/d3-scale,d3-scale,4.0.2,True,ISC,transitive,False,False,
node_modules/d3-shape,d3-shape,3.2.0,True,ISC,transitive,False,False,
node_modules/d3-time,d3-time,3.1.0,True,ISC,transitive,False,False,
node_modules/d3-time-format,d3-time-format,4.1.0,True,ISC,transitive,False,False,
node_modules/d3-timer,d3-timer,3.0.1,True,ISC,transitive,False,False,
node_modules/damerau-levenshtein,damerau-levenshtein,1.0.8,True,BSD-2-Clause,transitive,True,False,
node_modules/data-view-buffer,data-view-buffer,1.0.2,True,MIT,transitive,True,False,
node_modules/data-view-byte-length,data-view-byte-length,1.0.2,True,MIT,transitive,True,False,
node_modules/data-view-byte-offset,data-view-byte-offset,1.0.1,True,MIT,transitive,True,False,
node_modules/date-fns,date-fns,4.4.0,True,MIT,direct-runtime,False,False,
node_modules/debug,debug,4.4.3,True,MIT,transitive,True,False,
node_modules/decimal.js-light,decimal.js-light,2.5.1,True,MIT,transitive,False,False,
node_modules/deep-is,deep-is,0.1.4,True,MIT,transitive,True,False,
node_modules/define-data-property,define-data-property,1.1.4,True,MIT,transitive,True,False,
node_modules/define-properties,define-properties,1.2.1,True,MIT,transitive,True,False,
node_modules/depd,depd,2.0.0,True,MIT,transitive,True,False,
node_modules/detect-libc,detect-libc,2.1.2,True,Apache-2.0,transitive,False,False,
node_modules/detect-node-es,detect-node-es,1.1.0,True,MIT,transitive,False,False,
node_modules/doctrine,doctrine,2.1.0,True,Apache-2.0,transitive,True,False,
node_modules/drizzle-kit,drizzle-kit,0.31.10,True,MIT,direct-development,True,False,no-separately-named-license-file
node_modules/drizzle-kit/node_modules/@esbuild/aix-ppc64,@esbuild/aix-ppc64,0.25.12,False,MIT,transitive,True,True,not-installed-text-unverified
node_modules/drizzle-kit/node_modules/@esbuild/android-arm,@esbuild/android-arm,0.25.12,False,MIT,transitive,True,True,not-installed-text-unverified
node_modules/drizzle-kit/node_modules/@esbuild/android-arm64,@esbuild/android-arm64,0.25.12,False,MIT,transitive,True,True,not-installed-text-unverified
node_modules/drizzle-kit/node_modules/@esbuild/android-x64,@esbuild/android-x64,0.25.12,False,MIT,transitive,True,True,not-installed-text-unverified
node_modules/drizzle-kit/node_modules/@esbuild/darwin-arm64,@esbuild/darwin-arm64,0.25.12,False,MIT,transitive,True,True,not-installed-text-unverified
node_modules/drizzle-kit/node_modules/@esbuild/darwin-x64,@esbuild/darwin-x64,0.25.12,False,MIT,transitive,True,True,not-installed-text-unverified
node_modules/drizzle-kit/node_modules/@esbuild/freebsd-arm64,@esbuild/freebsd-arm64,0.25.12,False,MIT,transitive,True,True,not-installed-text-unverified
node_modules/drizzle-kit/node_modules/@esbuild/freebsd-x64,@esbuild/freebsd-x64,0.25.12,False,MIT,transitive,True,True,not-installed-text-unverified
node_modules/drizzle-kit/node_modules/@esbuild/linux-arm,@esbuild/linux-arm,0.25.12,False,MIT,transitive,True,True,not-installed-text-unverified
node_modules/drizzle-kit/node_modules/@esbuild/linux-arm64,@esbuild/linux-arm64,0.25.12,False,MIT,transitive,True,True,not-installed-text-unverified
node_modules/drizzle-kit/node_modules/@esbuild/linux-ia32,@esbuild/linux-ia32,0.25.12,False,MIT,transitive,True,True,not-installed-text-unverified
node_modules/drizzle-kit/node_modules/@esbuild/linux-loong64,@esbuild/linux-loong64,0.25.12,False,MIT,transitive,True,True,not-installed-text-unverified
node_modules/drizzle-kit/node_modules/@esbuild/linux-mips64el,@esbuild/linux-mips64el,0.25.12,False,MIT,transitive,True,True,not-installed-text-unverified
node_modules/drizzle-kit/node_modules/@esbuild/linux-ppc64,@esbuild/linux-ppc64,0.25.12,False,MIT,transitive,True,True,not-installed-text-unverified
node_modules/drizzle-kit/node_modules/@esbuild/linux-riscv64,@esbuild/linux-riscv64,0.25.12,False,MIT,transitive,True,True,not-installed-text-unverified
node_modules/drizzle-kit/node_modules/@esbuild/linux-s390x,@esbuild/linux-s390x,0.25.12,False,MIT,transitive,True,True,not-installed-text-unverified
node_modules/drizzle-kit/node_modules/@esbuild/linux-x64,@esbuild/linux-x64,0.25.12,True,MIT,transitive,True,True,no-separately-named-license-file
node_modules/drizzle-kit/node_modules/@esbuild/netbsd-arm64,@esbuild/netbsd-arm64,0.25.12,False,MIT,transitive,True,True,not-installed-text-unverified
node_modules/drizzle-kit/node_modules/@esbuild/netbsd-x64,@esbuild/netbsd-x64,0.25.12,False,MIT,transitive,True,True,not-installed-text-unverified
node_modules/drizzle-kit/node_modules/@esbuild/openbsd-arm64,@esbuild/openbsd-arm64,0.25.12,False,MIT,transitive,True,True,not-installed-text-unverified
node_modules/drizzle-kit/node_modules/@esbuild/openbsd-x64,@esbuild/openbsd-x64,0.25.12,False,MIT,transitive,True,True,not-installed-text-unverified
node_modules/drizzle-kit/node_modules/@esbuild/openharmony-arm64,@esbuild/openharmony-arm64,0.25.12,False,MIT,transitive,True,True,not-installed-text-unverified
node_modules/drizzle-kit/node_modules/@esbuild/sunos-x64,@esbuild/sunos-x64,0.25.12,False,MIT,transitive,True,True,not-installed-text-unverified
node_modules/drizzle-kit/node_modules/@esbuild/win32-arm64,@esbuild/win32-arm64,0.25.12,False,MIT,transitive,True,True,not-installed-text-unverified
node_modules/drizzle-kit/node_modules/@esbuild/win32-ia32,@esbuild/win32-ia32,0.25.12,False,MIT,transitive,True,True,not-installed-text-unverified
node_modules/drizzle-kit/node_modules/@esbuild/win32-x64,@esbuild/win32-x64,0.25.12,False,MIT,transitive,True,True,not-installed-text-unverified
node_modules/drizzle-kit/node_modules/esbuild,esbuild,0.25.12,True,MIT,transitive,True,False,
node_modules/drizzle-orm,drizzle-orm,0.45.2,True,Apache-2.0,direct-runtime,False,False,no-separately-named-license-file
node_modules/dunder-proto,dunder-proto,1.0.1,True,MIT,transitive,True,False,
node_modules/electron-to-chromium,electron-to-chromium,1.5.358,True,ISC,transitive,True,False,
node_modules/embla-carousel,embla-carousel,8.6.0,True,MIT,transitive,False,False,no-separately-named-license-file
node_modules/embla-carousel-react,embla-carousel-react,8.6.0,True,MIT,direct-runtime,False,False,no-separately-named-license-file
node_modules/embla-carousel-reactive-utils,embla-carousel-reactive-utils,8.6.0,True,MIT,transitive,False,False,no-separately-named-license-file
node_modules/emoji-regex,emoji-regex,9.2.2,True,MIT,transitive,True,False,
node_modules/emoji-regex-xs,emoji-regex-xs,2.0.1,True,MIT,transitive,True,False,
node_modules/enhanced-resolve,enhanced-resolve,5.21.3,True,MIT,transitive,True,False,
node_modules/error-stack-parser-es,error-stack-parser-es,1.0.5,True,MIT,transitive,True,False,
node_modules/es-abstract,es-abstract,1.24.2,True,MIT,transitive,True,False,
node_modules/es-define-property,es-define-property,1.0.1,True,MIT,transitive,True,False,
node_modules/es-errors,es-errors,1.3.0,True,MIT,transitive,True,False,
node_modules/es-iterator-helpers,es-iterator-helpers,1.3.2,True,MIT,transitive,True,False,
node_modules/es-module-lexer,es-module-lexer,2.1.0,True,MIT,transitive,True,False,
node_modules/es-object-atoms,es-object-atoms,1.1.1,True,MIT,transitive,True,False,
node_modules/es-set-tostringtag,es-set-tostringtag,2.1.0,True,MIT,transitive,True,False,
node_modules/es-shim-unscopables,es-shim-unscopables,1.1.0,True,MIT,transitive,True,False,
node_modules/es-to-primitive,es-to-primitive,1.3.0,True,MIT,transitive,True,False,
node_modules/es-toolkit,es-toolkit,1.50.0,True,MIT,transitive,False,False,
node_modules/esbuild,esbuild,0.28.0,True,MIT,transitive,True,False,
node_modules/escalade,escalade,3.2.0,True,MIT,transitive,True,False,
node_modules/escape-html,escape-html,1.0.3,True,MIT,transitive,True,False,
node_modules/escape-string-regexp,escape-string-regexp,4.0.0,True,MIT,transitive,True,False,
node_modules/eslint,eslint,9.39.4,True,MIT,direct-development,True,False,
node_modules/eslint-config-next,eslint-config-next,16.3.4,True,MIT,direct-development,True,False,no-separately-named-license-file
node_modules/eslint-config-next/node_modules/globals,globals,16.4.0,True,MIT,transitive,True,False,
node_modules/eslint-import-resolver-node,eslint-import-resolver-node,0.3.10,True,MIT,transitive,True,False,
node_modules/eslint-import-resolver-node/node_modules/debug,debug,3.2.7,True,MIT,transitive,True,False,
node_modules/eslint-import-resolver-typescript,eslint-import-resolver-typescript,3.10.1,True,ISC,transitive,True,False,
node_modules/eslint-module-utils,eslint-module-utils,2.12.1,True,MIT,transitive,True,False,
node_modules/eslint-module-utils/node_modules/debug,debug,3.2.7,True,MIT,transitive,True,False,
node_modules/eslint-plugin-import,eslint-plugin-import,2.32.0,True,MIT,transitive,True,False,
node_modules/eslint-plugin-import/node_modules/debug,debug,3.2.7,True,MIT,transitive,True,False,
node_modules/eslint-plugin-jsx-a11y,eslint-plugin-jsx-a11y,6.10.2,True,MIT,transitive,True,False,
node_modules/eslint-plugin-react,eslint-plugin-react,7.37.5,True,MIT,transitive,True,False,
node_modules/eslint-plugin-react-hooks,eslint-plugin-react-hooks,7.1.1,True,MIT,transitive,True,False,
node_modules/eslint-scope,eslint-scope,8.4.0,True,BSD-2-Clause,transitive,True,False,
node_modules/eslint-visitor-keys,eslint-visitor-keys,4.2.1,True,Apache-2.0,transitive,True,False,
node_modules/eslint/node_modules/ajv,ajv,6.15.0,True,MIT,transitive,True,False,
node_modules/eslint/node_modules/json-schema-traverse,json-schema-traverse,0.4.1,True,MIT,transitive,True,False,
node_modules/espree,espree,10.4.0,True,BSD-2-Clause,transitive,True,False,
node_modules/esquery,esquery,1.7.0,True,BSD-3-Clause,transitive,True,False,
node_modules/esrecurse,esrecurse,4.3.0,True,BSD-2-Clause,transitive,True,False,no-separately-named-license-file
node_modules/estraverse,estraverse,5.3.0,True,BSD-2-Clause,transitive,True,False,
node_modules/estree-walker,estree-walker,3.0.3,True,MIT,transitive,True,False,
node_modules/esutils,esutils,2.0.3,True,BSD-2-Clause,transitive,True,False,
node_modules/eventemitter3,eventemitter3,5.0.4,True,MIT,transitive,False,False,
node_modules/events,events,3.3.0,True,MIT,transitive,True,False,
node_modules/fast-deep-equal,fast-deep-equal,3.1.3,True,MIT,transitive,False,False,
node_modules/fast-glob,fast-glob,3.3.1,True,MIT,transitive,True,False,
node_modules/fast-glob/node_modules/glob-parent,glob-parent,5.1.2,True,ISC,transitive,True,False,
node_modules/fast-json-stable-stringify,fast-json-stable-stringify,2.1.0,True,MIT,transitive,True,False,
node_modules/fast-levenshtein,fast-levenshtein,2.0.6,True,MIT,transitive,True,False,
node_modules/fast-uri,fast-uri,3.1.7,True,BSD-3-Clause,transitive,False,False,
node_modules/fastq,fastq,1.20.1,True,ISC,transitive,True,False,
node_modules/fflate,fflate,0.7.4,True,MIT,transitive,True,False,
node_modules/file-entry-cache,file-entry-cache,8.0.0,True,MIT,transitive,True,False,
node_modules/fill-range,fill-range,7.1.1,True,MIT,transitive,True,False,
node_modules/find-up,find-up,5.0.0,True,MIT,transitive,True,False,
node_modules/flat-cache,flat-cache,4.0.1,True,MIT,transitive,True,False,
node_modules/flatted,flatted,3.4.2,True,ISC,transitive,True,False,
node_modules/for-each,for-each,0.3.5,True,MIT,transitive,True,False,
node_modules/fsevents,fsevents,2.3.3,False,MIT,transitive,True,True,not-installed-text-unverified
node_modules/function-bind,function-bind,1.1.2,True,MIT,transitive,True,False,
node_modules/function.prototype.name,function.prototype.name,1.1.8,True,MIT,transitive,True,False,
node_modules/functions-have-names,functions-have-names,1.2.3,True,MIT,transitive,True,False,
node_modules/generator-function,generator-function,2.0.1,True,MIT,transitive,True,False,
node_modules/gensync,gensync,1.0.0-beta.2,True,MIT,transitive,True,False,
node_modules/get-intrinsic,get-intrinsic,1.3.0,True,MIT,transitive,True,False,
node_modules/get-nonce,get-nonce,1.0.1,True,MIT,transitive,False,False,
node_modules/get-proto,get-proto,1.0.1,True,MIT,transitive,True,False,
node_modules/get-symbol-description,get-symbol-description,1.1.0,True,MIT,transitive,True,False,
node_modules/get-tsconfig,get-tsconfig,4.14.0,True,MIT,transitive,True,False,
node_modules/glob-parent,glob-parent,6.0.2,True,ISC,transitive,True,False,
node_modules/glob-to-regexp,glob-to-regexp,0.4.1,True,BSD-2-Clause,transitive,True,False,no-separately-named-license-file
node_modules/globals,globals,14.0.0,True,MIT,transitive,True,False,
node_modules/globalthis,globalthis,1.0.4,True,MIT,transitive,True,False,
node_modules/gopd,gopd,1.2.0,True,MIT,transitive,True,False,
node_modules/graceful-fs,graceful-fs,4.2.11,True,ISC,transitive,True,False,
node_modules/has-bigints,has-bigints,1.1.0,True,MIT,transitive,True,False,
node_modules/has-flag,has-flag,4.0.0,True,MIT,transitive,True,False,
node_modules/has-property-descriptors,has-property-descriptors,1.0.2,True,MIT,transitive,True,False,
node_modules/has-proto,has-proto,1.2.0,True,MIT,transitive,True,False,
node_modules/has-symbols,has-symbols,1.1.0,True,MIT,transitive,True,False,
node_modules/has-tostringtag,has-tostringtag,1.0.2,True,MIT,transitive,True,False,
node_modules/hasown,hasown,2.0.3,True,MIT,transitive,True,False,
node_modules/hermes-estree,hermes-estree,0.25.1,True,MIT,transitive,True,False,
node_modules/hermes-parser,hermes-parser,0.25.1,True,MIT,transitive,True,False,
node_modules/hex-rgb,hex-rgb,4.3.0,True,MIT,transitive,True,False,
node_modules/http-errors,http-errors,2.0.1,True,MIT,transitive,True,False,
node_modules/iconv-lite,iconv-lite,0.7.3,True,MIT,transitive,True,False,
node_modules/ignore,ignore,5.3.2,True,MIT,transitive,True,False,
node_modules/image-size,image-size,2.0.2,True,MIT,transitive,True,False,
node_modules/immer,immer,10.2.0,True,MIT,transitive,False,False,
node_modules/import-fresh,import-fresh,3.3.1,True,MIT,transitive,True,False,
node_modules/imurmurhash,imurmurhash,0.1.4,True,MIT,transitive,True,False,no-separately-named-license-file
node_modules/inherits,inherits,2.0.4,True,ISC,transitive,True,False,
node_modules/input-otp,input-otp,1.4.2,True,MIT,direct-runtime,False,False,no-separately-named-license-file
node_modules/internal-slot,internal-slot,1.1.0,True,MIT,transitive,True,False,
node_modules/internmap,internmap,2.0.3,True,ISC,transitive,False,False,
node_modules/ipaddr.js,ipaddr.js,2.4.0,True,MIT,transitive,True,False,
node_modules/is-array-buffer,is-array-buffer,3.0.5,True,MIT,transitive,True,False,
node_modules/is-async-function,is-async-function,2.1.1,True,MIT,transitive,True,False,
node_modules/is-bigint,is-bigint,1.1.0,True,MIT,transitive,True,False,
node_modules/is-boolean-object,is-boolean-object,1.2.2,True,MIT,transitive,True,False,
node_modules/is-bun-module,is-bun-module,2.0.0,True,MIT,transitive,True,False,
node_modules/is-bun-module/node_modules/semver,semver,7.8.0,True,ISC,transitive,True,False,
node_modules/is-callable,is-callable,1.2.7,True,MIT,transitive,True,False,
node_modules/is-core-module,is-core-module,2.16.2,True,MIT,transitive,True,False,
node_modules/is-data-view,is-data-view,1.0.2,True,MIT,transitive,True,False,
node_modules/is-date-object,is-date-object,1.1.0,True,MIT,transitive,True,False,
node_modules/is-extglob,is-extglob,2.1.1,True,MIT,transitive,True,False,
node_modules/is-finalizationregistry,is-finalizationregistry,1.1.1,True,MIT,transitive,True,False,
node_modules/is-generator-function,is-generator-function,1.1.2,True,MIT,transitive,True,False,
node_modules/is-glob,is-glob,4.0.3,True,MIT,transitive,True,False,
node_modules/is-map,is-map,2.0.3,True,MIT,transitive,True,False,
node_modules/is-negative-zero,is-negative-zero,2.0.3,True,MIT,transitive,True,False,
node_modules/is-number,is-number,7.0.0,True,MIT,transitive,True,False,
node_modules/is-number-object,is-number-object,1.1.1,True,MIT,transitive,True,False,
node_modules/is-regex,is-regex,1.2.1,True,MIT,transitive,True,False,
node_modules/is-set,is-set,2.0.3,True,MIT,transitive,True,False,
node_modules/is-shared-array-buffer,is-shared-array-buffer,1.0.4,True,MIT,transitive,True,False,
node_modules/is-string,is-string,1.1.1,True,MIT,transitive,True,False,
node_modules/is-symbol,is-symbol,1.1.1,True,MIT,transitive,True,False,
node_modules/is-typed-array,is-typed-array,1.1.15,True,MIT,transitive,True,False,
node_modules/is-weakmap,is-weakmap,2.0.2,True,MIT,transitive,True,False,
node_modules/is-weakref,is-weakref,1.1.1,True,MIT,transitive,True,False,
node_modules/is-weakset,is-weakset,2.0.4,True,MIT,transitive,True,False,
node_modules/isarray,isarray,2.0.5,True,MIT,transitive,True,False,
node_modules/isexe,isexe,2.0.0,True,ISC,transitive,True,False,
node_modules/iterator.prototype,iterator.prototype,1.1.5,True,MIT,transitive,True,False,
node_modules/jest-worker,jest-worker,27.5.1,True,MIT,transitive,True,False,
node_modules/jest-worker/node_modules/supports-color,supports-color,8.1.1,True,MIT,transitive,True,False,
node_modules/jiti,jiti,2.7.0,True,MIT,transitive,True,False,
node_modules/js-tokens,js-tokens,4.0.0,True,MIT,transitive,True,False,
node_modules/js-yaml,js-yaml,4.1.1,True,MIT,transitive,True,False,
node_modules/jsesc,jsesc,3.1.0,True,MIT,transitive,True,False,
node_modules/json-buffer,json-buffer,3.0.1,True,MIT,transitive,True,False,
node_modules/json-rpc-2.0,json-rpc-2.0,1.7.1,True,MIT,direct-development,True,False,
node_modules/json-schema-traverse,json-schema-traverse,1.0.0,True,MIT,transitive,False,False,
node_modules/json-stable-stringify-without-jsonify,json-stable-stringify-without-jsonify,1.0.1,True,MIT,transitive,True,False,
node_modules/json5,json5,2.2.3,True,MIT,transitive,True,False,
node_modules/jsx-ast-utils,jsx-ast-utils,3.3.5,True,MIT,transitive,True,False,
node_modules/keyv,keyv,4.5.4,True,MIT,transitive,True,False,no-separately-named-license-file
node_modules/kleur,kleur,4.1.5,True,MIT,transitive,True,False,
node_modules/language-subtag-registry,language-subtag-registry,0.3.23,True,CC0-1.0,transitive,True,False,no-separately-named-license-file
node_modules/language-tags,language-tags,1.0.9,True,MIT,transitive,True,False,no-separately-named-license-file
node_modules/levn,levn,0.4.1,True,MIT,transitive,True,False,
node_modules/lightningcss,lightningcss,1.31.1,True,MPL-2.0,transitive,True,False,weak-copyleft-file-review
node_modules/lightningcss-android-arm64,lightningcss-android-arm64,1.31.1,False,MPL-2.0,transitive,True,True,weak-copyleft-file-review; not-installed-text-unverified
node_modules/lightningcss-darwin-arm64,lightningcss-darwin-arm64,1.31.1,False,MPL-2.0,transitive,True,True,weak-copyleft-file-review; not-installed-text-unverified
node_modules/lightningcss-darwin-x64,lightningcss-darwin-x64,1.31.1,False,MPL-2.0,transitive,True,True,weak-copyleft-file-review; not-installed-text-unverified
node_modules/lightningcss-freebsd-x64,lightningcss-freebsd-x64,1.31.1,False,MPL-2.0,transitive,True,True,weak-copyleft-file-review; not-installed-text-unverified
node_modules/lightningcss-linux-arm-gnueabihf,lightningcss-linux-arm-gnueabihf,1.31.1,False,MPL-2.0,transitive,True,True,weak-copyleft-file-review; not-installed-text-unverified
node_modules/lightningcss-linux-arm64-gnu,lightningcss-linux-arm64-gnu,1.31.1,False,MPL-2.0,transitive,True,True,weak-copyleft-file-review; not-installed-text-unverified
node_modules/lightningcss-linux-arm64-musl,lightningcss-linux-arm64-musl,1.31.1,False,MPL-2.0,transitive,True,True,weak-copyleft-file-review; not-installed-text-unverified
node_modules/lightningcss-linux-x64-gnu,lightningcss-linux-x64-gnu,1.31.1,True,MPL-2.0,transitive,True,True,weak-copyleft-file-review
node_modules/lightningcss-linux-x64-musl,lightningcss-linux-x64-musl,1.31.1,False,MPL-2.0,transitive,True,True,weak-copyleft-file-review; not-installed-text-unverified
node_modules/lightningcss-win32-arm64-msvc,lightningcss-win32-arm64-msvc,1.31.1,False,MPL-2.0,transitive,True,True,weak-copyleft-file-review; not-installed-text-unverified
node_modules/lightningcss-win32-x64-msvc,lightningcss-win32-x64-msvc,1.31.1,False,MPL-2.0,transitive,True,True,weak-copyleft-file-review; not-installed-text-unverified
node_modules/linebreak,linebreak,1.1.0,True,MIT,transitive,True,False,
node_modules/loader-runner,loader-runner,4.3.2,True,MIT,transitive,True,False,
node_modules/locate-path,locate-path,6.0.0,True,MIT,transitive,True,False,
node_modules/lodash.merge,lodash.merge,4.6.2,True,MIT,transitive,True,False,
node_modules/loose-envify,loose-envify,1.4.0,True,MIT,transitive,True,False,
node_modules/lru-cache,lru-cache,5.1.1,True,ISC,transitive,True,False,
node_modules/lucide-react,lucide-react,1.31.0,True,ISC,direct-runtime,False,False,additional-Feather-MIT-notice-in-license
node_modules/magic-string,magic-string,0.30.21,True,MIT,transitive,True,False,
node_modules/math-intrinsics,math-intrinsics,1.1.0,True,MIT,transitive,True,False,
node_modules/merge-stream,merge-stream,2.0.0,True,MIT,transitive,True,False,
node_modules/merge2,merge2,1.4.1,True,MIT,transitive,True,False,
node_modules/micromatch,micromatch,4.0.8,True,MIT,transitive,True,False,
node_modules/mime-db,mime-db,1.54.0,True,MIT,transitive,True,False,
node_modules/miniflare,miniflare,4.20260515.0,True,MIT,transitive,True,False,no-separately-named-license-file
node_modules/minimatch,minimatch,3.1.5,True,ISC,transitive,True,False,
node_modules/minimist,minimist,1.2.8,True,MIT,transitive,True,False,
node_modules/ms,ms,2.1.3,True,MIT,transitive,True,False,
node_modules/nanoid,nanoid,3.3.18,True,MIT,transitive,False,False,
node_modules/napi-postinstall,napi-postinstall,0.3.4,True,MIT,transitive,True,False,
node_modules/natural-compare,natural-compare,1.4.0,True,MIT,transitive,True,False,no-separately-named-license-file
node_modules/neo-async,neo-async,2.6.2,True,MIT,transitive,True,False,
node_modules/next,next,16.3.4,True,MIT,direct-runtime,False,False,bundled-third-party-notices-review
node_modules/next-themes,next-themes,0.4.6,True,MIT,direct-runtime,False,False,
node_modules/node-exports-info,node-exports-info,1.6.0,True,MIT,transitive,True,False,
node_modules/node-releases,node-releases,2.0.44,True,MIT,transitive,True,False,
node_modules/object-assign,object-assign,4.1.1,True,MIT,transitive,True,False,
node_modules/object-inspect,object-inspect,1.13.4,True,MIT,transitive,True,False,
node_modules/object-keys,object-keys,1.1.1,True,MIT,transitive,True,False,
node_modules/object.assign,object.assign,4.1.7,True,MIT,transitive,True,False,
node_modules/object.entries,object.entries,1.1.9,True,MIT,transitive,True,False,
node_modules/object.fromentries,object.fromentries,2.0.8,True,MIT,transitive,True,False,
node_modules/object.groupby,object.groupby,1.0.3,True,MIT,transitive,True,False,
node_modules/object.values,object.values,1.2.1,True,MIT,transitive,True,False,
node_modules/optionator,optionator,0.9.4,True,MIT,transitive,True,False,
node_modules/own-keys,own-keys,1.0.1,True,MIT,transitive,True,False,
node_modules/p-limit,p-limit,3.1.0,True,MIT,transitive,True,False,
node_modules/p-locate,p-locate,5.0.0,True,MIT,transitive,True,False,
node_modules/pako,pako,0.2.9,True,MIT,transitive,True,False,
node_modules/parent-module,parent-module,1.0.1,True,MIT,transitive,True,False,
node_modules/parse-css-color,parse-css-color,0.2.1,True,MIT,transitive,True,False,
node_modules/path-exists,path-exists,4.0.0,True,MIT,transitive,True,False,
node_modules/path-key,path-key,3.1.1,True,MIT,transitive,True,False,
node_modules/path-parse,path-parse,1.0.7,True,MIT,transitive,True,False,
node_modules/path-to-regexp,path-to-regexp,6.3.0,True,MIT,transitive,True,False,
node_modules/pathe,pathe,2.0.3,True,MIT,transitive,True,False,
node_modules/picocolors,picocolors,1.1.1,True,ISC,transitive,False,False,
node_modules/picomatch,picomatch,2.3.2,True,MIT,transitive,True,False,
node_modules/possible-typed-array-names,possible-typed-array-names,1.1.0,True,MIT,transitive,True,False,
node_modules/postcss,postcss,8.5.23,True,MIT,transitive,False,False,
node_modules/postcss-value-parser,postcss-value-parser,4.2.0,True,MIT,transitive,True,False,
node_modules/prelude-ls,prelude-ls,1.2.1,True,MIT,transitive,True,False,
node_modules/prop-types,prop-types,15.8.1,True,MIT,transitive,True,False,
node_modules/punycode,punycode,2.3.1,True,MIT,transitive,True,False,
node_modules/queue-microtask,queue-microtask,1.2.3,True,MIT,transitive,True,False,
node_modules/radix-ui,radix-ui,1.6.7,True,MIT,direct-runtime,False,False,
node_modules/radix-ui/node_modules/@radix-ui/react-compose-refs,@radix-ui/react-compose-refs,1.1.5,True,MIT,transitive,False,False,
node_modules/radix-ui/node_modules/@radix-ui/react-slot,@radix-ui/react-slot,1.3.3,True,MIT,transitive,False,False,
node_modules/raw-body,raw-body,3.0.2,True,MIT,direct-development,True,False,
node_modules/react,react,19.2.6,True,MIT,direct-runtime,False,False,
node_modules/react-day-picker,react-day-picker,10.0.1,True,MIT,direct-runtime,False,False,
node_modules/react-dom,react-dom,19.2.6,True,MIT,direct-runtime,False,False,
node_modules/react-hook-form,react-hook-form,7.85.0,True,MIT,direct-runtime,False,False,
node_modules/react-is,react-is,16.13.1,True,MIT,transitive,False,False,
node_modules/react-redux,react-redux,9.3.0,True,MIT,transitive,False,False,
node_modules/react-remove-scroll,react-remove-scroll,2.7.2,True,MIT,transitive,False,False,
node_modules/react-remove-scroll-bar,react-remove-scroll-bar,2.3.8,True,MIT,transitive,False,False,no-separately-named-license-file
node_modules/react-resizable-panels,react-resizable-panels,4.12.2,True,MIT,direct-runtime,False,False,
node_modules/react-server-dom-webpack,react-server-dom-webpack,19.2.6,True,MIT,direct-development,True,False,
node_modules/react-style-singleton,react-style-singleton,2.2.3,True,MIT,transitive,False,False,
node_modules/recharts,recharts,3.8.0,True,MIT,direct-runtime,False,False,
node_modules/recharts/node_modules/reselect,reselect,5.1.1,True,MIT,transitive,False,False,
node_modules/redux,redux,5.0.1,True,MIT,transitive,False,False,
node_modules/redux-thunk,redux-thunk,3.1.0,True,MIT,transitive,False,False,
node_modules/reflect.getprototypeof,reflect.getprototypeof,1.0.10,True,MIT,transitive,True,False,
node_modules/regexp.prototype.flags,regexp.prototype.flags,1.5.4,True,MIT,transitive,True,False,
node_modules/require-from-string,require-from-string,2.0.2,True,MIT,transitive,False,False,
node_modules/reselect,reselect,5.2.0,True,MIT,transitive,False,False,
node_modules/resolve,resolve,2.0.0-next.7,True,MIT,transitive,True,False,
node_modules/resolve-from,resolve-from,4.0.0,True,MIT,transitive,True,False,
node_modules/resolve-pkg-maps,resolve-pkg-maps,1.0.0,True,MIT,transitive,True,False,
node_modules/reusify,reusify,1.1.0,True,MIT,transitive,True,False,
node_modules/rolldown,rolldown,1.0.1,True,MIT,transitive,True,False,bundled-third-party-notices-review
node_modules/run-parallel,run-parallel,1.2.0,True,MIT,transitive,True,False,
node_modules/safe-array-concat,safe-array-concat,1.1.4,True,MIT,transitive,True,False,
node_modules/safe-push-apply,safe-push-apply,1.0.0,True,MIT,transitive,True,False,
node_modules/safe-regex-test,safe-regex-test,1.1.0,True,MIT,transitive,True,False,
node_modules/safer-buffer,safer-buffer,2.1.2,True,MIT,transitive,True,False,
node_modules/satori,satori,0.16.0,True,MPL-2.0,transitive,True,False,weak-copyleft-file-review
node_modules/scheduler,scheduler,0.27.0,True,MIT,transitive,False,False,
node_modules/schema-utils,schema-utils,4.3.3,True,MIT,transitive,True,False,
node_modules/schema-utils/node_modules/ajv-keywords,ajv-keywords,5.1.0,True,MIT,transitive,True,False,
node_modules/semver,semver,6.3.1,True,ISC,transitive,True,False,
node_modules/set-function-length,set-function-length,1.2.2,True,MIT,transitive,True,False,
node_modules/set-function-name,set-function-name,2.0.2,True,MIT,transitive,True,False,
node_modules/set-proto,set-proto,1.0.0,True,MIT,transitive,True,False,
node_modules/setprototypeof,setprototypeof,1.2.0,True,ISC,transitive,True,False,
node_modules/sharp,sharp,0.35.4,True,Apache-2.0,transitive,False,False,
node_modules/sharp/node_modules/semver,semver,7.8.5,True,ISC,transitive,False,False,
node_modules/shebang-command,shebang-command,2.0.0,True,MIT,transitive,True,False,
node_modules/shebang-regex,shebang-regex,3.0.0,True,MIT,transitive,True,False,
node_modules/side-channel,side-channel,1.1.0,True,MIT,transitive,True,False,
node_modules/side-channel-list,side-channel-list,1.0.1,True,MIT,transitive,True,False,
node_modules/side-channel-map,side-channel-map,1.0.1,True,MIT,transitive,True,False,
node_modules/side-channel-weakmap,side-channel-weakmap,1.0.2,True,MIT,transitive,True,False,
node_modules/sonner,sonner,2.0.8,True,MIT,direct-runtime,False,False,
node_modules/source-map,source-map,0.6.1,True,BSD-3-Clause,transitive,True,False,
node_modules/source-map-js,source-map-js,1.2.1,True,BSD-3-Clause,transitive,False,False,
node_modules/source-map-support,source-map-support,0.5.21,True,MIT,transitive,True,False,
node_modules/srvx,srvx,0.11.15,True,MIT,transitive,True,False,
node_modules/stable-hash,stable-hash,0.0.5,True,MIT,transitive,True,False,no-separately-named-license-file
node_modules/statuses,statuses,2.0.2,True,MIT,transitive,True,False,
node_modules/stop-iteration-iterator,stop-iteration-iterator,1.1.0,True,MIT,transitive,True,False,
node_modules/string.prototype.codepointat,string.prototype.codepointat,0.2.1,True,MIT,transitive,True,False,
node_modules/string.prototype.includes,string.prototype.includes,2.0.1,True,MIT,transitive,True,False,
node_modules/string.prototype.matchall,string.prototype.matchall,4.0.12,True,MIT,transitive,True,False,
node_modules/string.prototype.repeat,string.prototype.repeat,1.0.0,True,MIT,transitive,True,False,
node_modules/string.prototype.trim,string.prototype.trim,1.2.10,True,MIT,transitive,True,False,
node_modules/string.prototype.trimend,string.prototype.trimend,1.0.9,True,MIT,transitive,True,False,
node_modules/string.prototype.trimstart,string.prototype.trimstart,1.0.8,True,MIT,transitive,True,False,
node_modules/strip-bom,strip-bom,3.0.0,True,MIT,transitive,True,False,
node_modules/strip-json-comments,strip-json-comments,3.1.1,True,MIT,transitive,True,False,
node_modules/strip-literal,strip-literal,3.1.0,True,MIT,transitive,True,False,
node_modules/strip-literal/node_modules/js-tokens,js-tokens,9.0.1,True,MIT,transitive,True,False,
node_modules/styled-jsx,styled-jsx,5.1.6,True,MIT,transitive,False,False,
node_modules/supports-color,supports-color,7.2.0,True,MIT,transitive,True,False,
node_modules/supports-preserve-symlinks-flag,supports-preserve-symlinks-flag,1.0.0,True,MIT,transitive,True,False,
node_modules/tailwind-merge,tailwind-merge,3.6.0,True,MIT,direct-runtime,False,False,
node_modules/tailwindcss,tailwindcss,4.2.1,True,MIT,direct-development,True,False,
node_modules/tapable,tapable,2.3.3,True,MIT,transitive,True,False,
node_modules/terser,terser,5.47.1,True,BSD-2-Clause,transitive,True,False,
node_modules/terser-webpack-plugin,terser-webpack-plugin,5.6.0,True,MIT,transitive,True,False,
node_modules/tiny-inflate,tiny-inflate,1.0.3,True,MIT,transitive,True,False,
node_modules/tiny-invariant,tiny-invariant,1.3.3,True,MIT,transitive,False,False,
node_modules/tinyglobby,tinyglobby,0.2.16,True,MIT,transitive,True,False,
node_modules/tinyglobby/node_modules/fdir,fdir,6.5.0,True,MIT,transitive,True,False,
node_modules/tinyglobby/node_modules/picomatch,picomatch,4.0.4,True,MIT,transitive,True,False,
node_modules/to-regex-range,to-regex-range,5.0.1,True,MIT,transitive,True,False,
node_modules/toidentifier,toidentifier,1.0.1,True,MIT,transitive,True,False,
node_modules/ts-api-utils,ts-api-utils,2.5.0,True,MIT,transitive,True,False,
node_modules/tsconfig-paths,tsconfig-paths,3.15.0,True,MIT,transitive,True,False,
node_modules/tsconfig-paths/node_modules/json5,json5,1.0.2,True,MIT,transitive,True,False,
node_modules/tslib,tslib,2.8.1,True,0BSD,transitive,False,False,
node_modules/tsx,tsx,4.22.1,True,MIT,transitive,True,False,
node_modules/turbo-stream,turbo-stream,3.2.0,True,MIT,transitive,True,False,
node_modules/tw-animate-css,tw-animate-css,1.4.0,True,MIT,direct-development,True,False,
node_modules/type-check,type-check,0.4.0,True,MIT,transitive,True,False,
node_modules/typed-array-buffer,typed-array-buffer,1.0.3,True,MIT,transitive,True,False,
node_modules/typed-array-byte-length,typed-array-byte-length,1.0.3,True,MIT,transitive,True,False,
node_modules/typed-array-byte-offset,typed-array-byte-offset,1.0.4,True,MIT,transitive,True,False,
node_modules/typed-array-length,typed-array-length,1.0.7,True,MIT,transitive,True,False,
node_modules/typescript,typescript,5.9.3,True,Apache-2.0,direct-development,True,False,
node_modules/typescript-eslint,typescript-eslint,8.59.3,True,MIT,transitive,True,False,
node_modules/unbox-primitive,unbox-primitive,1.1.0,True,MIT,transitive,True,False,
node_modules/undici,undici,7.24.8,True,MIT,transitive,True,False,
node_modules/undici-types,undici-types,6.21.0,True,MIT,transitive,True,False,
node_modules/unenv,unenv,2.0.0-rc.24,True,MIT,transitive,True,False,
node_modules/unicode-trie,unicode-trie,2.0.0,True,MIT,transitive,True,False,
node_modules/unpic,unpic,4.2.2,True,MIT,transitive,True,False,no-separately-named-license-file
node_modules/unpipe,unpipe,1.0.0,True,MIT,transitive,True,False,
node_modules/unrs-resolver,unrs-resolver,1.11.1,True,MIT,transitive,True,False,no-separately-named-license-file
node_modules/update-browserslist-db,update-browserslist-db,1.2.3,True,MIT,transitive,True,False,
node_modules/uri-js,uri-js,4.4.1,True,BSD-2-Clause,transitive,True,False,
node_modules/use-callback-ref,use-callback-ref,1.3.3,True,MIT,transitive,False,False,
node_modules/use-sidecar,use-sidecar,1.1.3,True,MIT,transitive,False,False,
node_modules/use-sync-external-store,use-sync-external-store,1.6.0,True,MIT,transitive,False,False,
node_modules/vaul,vaul,1.1.2,True,MIT,direct-runtime,False,False,
node_modules/victory-vendor,victory-vendor,37.3.6,True,MIT AND ISC,transitive,False,False,bundled-third-party-notices-review
node_modules/vinext,vinext,1.0.0-beta.5,True,MIT,direct-development,True,False,
node_modules/vite,vite,8.0.13,True,MIT,direct-development,True,False,bundled-third-party-notices-review
node_modules/vite-plugin-commonjs,vite-plugin-commonjs,0.10.4,True,MIT,transitive,True,False,
node_modules/vite-plugin-dynamic-import,vite-plugin-dynamic-import,1.6.0,True,MIT,transitive,True,False,
node_modules/vite-plugin-dynamic-import/node_modules/es-module-lexer,es-module-lexer,1.7.0,True,MIT,transitive,True,False,
node_modules/vite-plugin-dynamic-import/node_modules/fast-glob,fast-glob,3.3.3,True,MIT,transitive,True,False,
node_modules/vite-plugin-dynamic-import/node_modules/glob-parent,glob-parent,5.1.2,True,ISC,transitive,True,False,
node_modules/vite/node_modules/lightningcss,lightningcss,1.32.0,True,MPL-2.0,transitive,True,False,weak-copyleft-file-review
node_modules/vite/node_modules/lightningcss-android-arm64,lightningcss-android-arm64,1.32.0,False,MPL-2.0,transitive,True,True,weak-copyleft-file-review; not-installed-text-unverified
node_modules/vite/node_modules/lightningcss-darwin-arm64,lightningcss-darwin-arm64,1.32.0,False,MPL-2.0,transitive,True,True,weak-copyleft-file-review; not-installed-text-unverified
node_modules/vite/node_modules/lightningcss-darwin-x64,lightningcss-darwin-x64,1.32.0,False,MPL-2.0,transitive,True,True,weak-copyleft-file-review; not-installed-text-unverified
node_modules/vite/node_modules/lightningcss-freebsd-x64,lightningcss-freebsd-x64,1.32.0,False,MPL-2.0,transitive,True,True,weak-copyleft-file-review; not-installed-text-unverified
node_modules/vite/node_modules/lightningcss-linux-arm-gnueabihf,lightningcss-linux-arm-gnueabihf,1.32.0,False,MPL-2.0,transitive,True,True,weak-copyleft-file-review; not-installed-text-unverified
node_modules/vite/node_modules/lightningcss-linux-arm64-gnu,lightningcss-linux-arm64-gnu,1.32.0,False,MPL-2.0,transitive,True,True,weak-copyleft-file-review; not-installed-text-unverified
node_modules/vite/node_modules/lightningcss-linux-arm64-musl,lightningcss-linux-arm64-musl,1.32.0,False,MPL-2.0,transitive,True,True,weak-copyleft-file-review; not-installed-text-unverified
node_modules/vite/node_modules/lightningcss-linux-x64-gnu,lightningcss-linux-x64-gnu,1.32.0,True,MPL-2.0,transitive,True,True,weak-copyleft-file-review
node_modules/vite/node_modules/lightningcss-linux-x64-musl,lightningcss-linux-x64-musl,1.32.0,False,MPL-2.0,transitive,True,True,weak-copyleft-file-review; not-installed-text-unverified
node_modules/vite/node_modules/lightningcss-win32-arm64-msvc,lightningcss-win32-arm64-msvc,1.32.0,False,MPL-2.0,transitive,True,True,weak-copyleft-file-review; not-installed-text-unverified
node_modules/vite/node_modules/lightningcss-win32-x64-msvc,lightningcss-win32-x64-msvc,1.32.0,False,MPL-2.0,transitive,True,True,weak-copyleft-file-review; not-installed-text-unverified
node_modules/vite/node_modules/picomatch,picomatch,4.0.4,True,MIT,transitive,True,False,
node_modules/vitefu,vitefu,1.1.3,True,MIT,transitive,True,False,
node_modules/watchpack,watchpack,2.5.1,True,MIT,transitive,True,False,
node_modules/web-vitals,web-vitals,4.2.4,True,Apache-2.0,transitive,True,False,
node_modules/webpack,webpack,5.106.2,True,MIT,transitive,True,False,
node_modules/webpack-sources,webpack-sources,3.4.1,True,MIT,transitive,True,False,
node_modules/webpack/node_modules/eslint-scope,eslint-scope,5.1.1,True,BSD-2-Clause,transitive,True,False,
node_modules/webpack/node_modules/estraverse,estraverse,4.3.0,True,BSD-2-Clause,transitive,True,False,
node_modules/which,which,2.0.2,True,ISC,transitive,True,False,
node_modules/which-boxed-primitive,which-boxed-primitive,1.1.1,True,MIT,transitive,True,False,
node_modules/which-builtin-type,which-builtin-type,1.2.1,True,MIT,transitive,True,False,
node_modules/which-collection,which-collection,1.0.2,True,MIT,transitive,True,False,
node_modules/which-typed-array,which-typed-array,1.1.20,True,MIT,transitive,True,False,
node_modules/word-wrap,word-wrap,1.2.5,True,MIT,transitive,True,False,
node_modules/workerd,workerd,1.20260515.1,True,Apache-2.0,transitive,True,False,no-separately-named-license-file
node_modules/wrangler,wrangler,4.92.0,True,MIT OR Apache-2.0,direct-development,True,False,no-separately-named-license-file
node_modules/wrangler/node_modules/@esbuild/aix-ppc64,@esbuild/aix-ppc64,0.27.3,False,MIT,transitive,True,True,not-installed-text-unverified
node_modules/wrangler/node_modules/@esbuild/android-arm,@esbuild/android-arm,0.27.3,False,MIT,transitive,True,True,not-installed-text-unverified
node_modules/wrangler/node_modules/@esbuild/android-arm64,@esbuild/android-arm64,0.27.3,False,MIT,transitive,True,True,not-installed-text-unverified
node_modules/wrangler/node_modules/@esbuild/android-x64,@esbuild/android-x64,0.27.3,False,MIT,transitive,True,True,not-installed-text-unverified
node_modules/wrangler/node_modules/@esbuild/darwin-arm64,@esbuild/darwin-arm64,0.27.3,False,MIT,transitive,True,True,not-installed-text-unverified
node_modules/wrangler/node_modules/@esbuild/darwin-x64,@esbuild/darwin-x64,0.27.3,False,MIT,transitive,True,True,not-installed-text-unverified
node_modules/wrangler/node_modules/@esbuild/freebsd-arm64,@esbuild/freebsd-arm64,0.27.3,False,MIT,transitive,True,True,not-installed-text-unverified
node_modules/wrangler/node_modules/@esbuild/freebsd-x64,@esbuild/freebsd-x64,0.27.3,False,MIT,transitive,True,True,not-installed-text-unverified
node_modules/wrangler/node_modules/@esbuild/linux-arm,@esbuild/linux-arm,0.27.3,False,MIT,transitive,True,True,not-installed-text-unverified
node_modules/wrangler/node_modules/@esbuild/linux-arm64,@esbuild/linux-arm64,0.27.3,False,MIT,transitive,True,True,not-installed-text-unverified
node_modules/wrangler/node_modules/@esbuild/linux-ia32,@esbuild/linux-ia32,0.27.3,False,MIT,transitive,True,True,not-installed-text-unverified
node_modules/wrangler/node_modules/@esbuild/linux-loong64,@esbuild/linux-loong64,0.27.3,False,MIT,transitive,True,True,not-installed-text-unverified
node_modules/wrangler/node_modules/@esbuild/linux-mips64el,@esbuild/linux-mips64el,0.27.3,False,MIT,transitive,True,True,not-installed-text-unverified
node_modules/wrangler/node_modules/@esbuild/linux-ppc64,@esbuild/linux-ppc64,0.27.3,False,MIT,transitive,True,True,not-installed-text-unverified
node_modules/wrangler/node_modules/@esbuild/linux-riscv64,@esbuild/linux-riscv64,0.27.3,False,MIT,transitive,True,True,not-installed-text-unverified
node_modules/wrangler/node_modules/@esbuild/linux-s390x,@esbuild/linux-s390x,0.27.3,False,MIT,transitive,True,True,not-installed-text-unverified
node_modules/wrangler/node_modules/@esbuild/linux-x64,@esbuild/linux-x64,0.27.3,True,MIT,transitive,True,True,no-separately-named-license-file
node_modules/wrangler/node_modules/@esbuild/netbsd-arm64,@esbuild/netbsd-arm64,0.27.3,False,MIT,transitive,True,True,not-installed-text-unverified
node_modules/wrangler/node_modules/@esbuild/netbsd-x64,@esbuild/netbsd-x64,0.27.3,False,MIT,transitive,True,True,not-installed-text-unverified
node_modules/wrangler/node_modules/@esbuild/openbsd-arm64,@esbuild/openbsd-arm64,0.27.3,False,MIT,transitive,True,True,not-installed-text-unverified
node_modules/wrangler/node_modules/@esbuild/openbsd-x64,@esbuild/openbsd-x64,0.27.3,False,MIT,transitive,True,True,not-installed-text-unverified
node_modules/wrangler/node_modules/@esbuild/openharmony-arm64,@esbuild/openharmony-arm64,0.27.3,False,MIT,transitive,True,True,not-installed-text-unverified
node_modules/wrangler/node_modules/@esbuild/sunos-x64,@esbuild/sunos-x64,0.27.3,False,MIT,transitive,True,True,not-installed-text-unverified
node_modules/wrangler/node_modules/@esbuild/win32-arm64,@esbuild/win32-arm64,0.27.3,False,MIT,transitive,True,True,not-installed-text-unverified
node_modules/wrangler/node_modules/@esbuild/win32-ia32,@esbuild/win32-ia32,0.27.3,False,MIT,transitive,True,True,not-installed-text-unverified
node_modules/wrangler/node_modules/@esbuild/win32-x64,@esbuild/win32-x64,0.27.3,False,MIT,transitive,True,True,not-installed-text-unverified
node_modules/wrangler/node_modules/esbuild,esbuild,0.27.3,True,MIT,transitive,True,False,
node_modules/ws,ws,8.18.0,True,MIT,transitive,True,False,
node_modules/yallist,yallist,3.1.1,True,ISC,transitive,True,False,
node_modules/yocto-queue,yocto-queue,0.1.0,True,MIT,transitive,True,False,
node_modules/yoga-layout,yoga-layout,3.2.1,True,MIT,transitive,True,False,no-separately-named-license-file
node_modules/youch,youch,4.1.0-beta.10,True,MIT,transitive,True,False,
node_modules/youch-core,youch-core,0.3.3,True,MIT,transitive,True,False,
node_modules/zod,zod,3.25.76,True,MIT,direct-runtime,False,False,
node_modules/zod-validation-error,zod-validation-error,4.0.2,True,MIT,transitive,True,False,
